AAA,Anaa,GLF
AAE,Les Salines,AAE
AAL,Aalborg New,AAL
AAN,Al Ain International Airport,AAN
AAO,Anaco,AAO
AAP,ANDRAU AIRPARK,AAP
AAQ,Anapa,AAQ
AAR,Tirstrup,AAR
AAX,Araxa Airport,AAX
AAY,Al Ghaydah,AAY
ABA,Abakan,ABA
abc,abc intl,TIA
ABD,Abadan Airport,ABD
ABE,Allentown,ABE
ABF,Abaiang,ABF
ABH,Alpha Airport,ABH
ABI,Abilene Municipal,ABI
ABJ,F Houphouet Boig,ABJ
ABK,Kabri Dar,ABK
ABL,Ambler,ABL
ABM,Bamaga,ABM
ABQ,Albuquerque Int'l,ABQ
ABR,Aberdeen Municipal,ABR
ABS,Abu Simbel,ABS
ABT,Al-Baha Domestic Airport,ABT
ABU,Atambua,ABU
ABV,Nnamdi Azikiwe International Airport,ABV
ABX,Albury,ABX
ABY,Dougherty Coun,ABY
ABZ,Dyce,ABZ
ACA,Alvarez Int'l,ACA
ACB,Bellaire - Antrim County,ACB
ACC,Kotoka,ACC
ACD,Acandi,ACD
ACE,Lanzarote,ACE
ACH,Altenrhein,ACH
ACI,The Blaye,ACI
ACK,Memorial,ACK
ACR,Araracuara,ACR
ACT,Waco Municipal,ACT
ACV,Arcata Eureka,ACV
ACY,Atlantic city International ,AIY
ADA,Adana,ADA
ADB,Iadnan Menderes,IZM
ADD,Bole,ADD
ADE,Aden Int'l,ADE
ADF,Adiyaman Airport,ADF
ADI,Arandis,ADI
ADJ,Marka,AMM
ADK,Adak Island,ADK
ADL,Adelaide,ADL
ADQ,Kodiak,ADQ
ADZ,San Andres Island,ADZ
AEA,Abemama Atoll,AEA
AEG,Aek Godang,AEG
AEH,Abecher,AEH
AEO,Aioun El Atrouss,AEO
AEP,Jorge Newbery,BUE
AER,Adler Sochi,AER
AES,Vigra,AES
AEX,,AEX
AEY,Akureyri,AEY
AFA,San Rafael,AFA
AFL,Alta Floresta Mato Grosso,AFL
AGA,Agadir Almassira,AGA
AGB,Augsburg Muehlhausen,MUC
AGC,Allegheny,PIT
AGE,Wangerooge Flugplatz,AGE
AGF,La Garenne,AGF
AGH,Angelholm,AGH
AGJ,Aguni,AGJ
AGP,Málaga,AGP
AGR,Kheria,AGR
AGS,Augusta Bush Field,AGS
AGT,Guarani Intl Airport,AGT
AGU,Aguascalientes,AGU
AGV,Acarigua,AGV
AGX,Agatti Island,AGX
AGZ,Aggeneys,AGZ
AHB,Abha Regional Airport,AHB
AHO,Fertilia,AHO
AHU,Charif Al Idrissi,AHU
AIA,Alliance,AIA
AIC,Airok,AIC
AIG,Yalinga,AIG
AIM,Ailuk Island,AIM
AIN,Wainwright,AIN
AIP,Adampur Airport,AIP
AIS,Arorae Island,AIS
AIT,Aitutaki,AIT
AIU,Atiu Island,AIU
AIY,Bader Field,AIY
AJA,Campo Dell Oro,AJA
AJF,Al-Jawf Domestic Airport,AJF
AJI,Agri Airport,AJI
AJJ,Akjoujt,AJJ
AJL,Aizawl,AJL
AJN,Ouani,AJN
AJR,Arvidsjaur,AJR
AJU,Aracaju,AJU
AJY,Agades,AJY
AKD,Akola,AKD
AKF,Kufrah,AKF
AKJ,Asahikawa,AKJ
AKL,Auckland Int'l,AKL
AKM,Zakouma,AKM
AKN,King Salmon,AKN
AKR,Akure,AKR
AKX,Aktyubinsk,AKX
AKY,Sittwe Civil,AKY
ALA,Almaty,ALA
ALB,Albany,ALB
ALC,Alicante,ALC
ALF,Alta,ALF
ALG,Houari Boumediene,ALG
ALH,Albany,ALH
ALL,ALBENGA,ALL
ALM,Alamogordo Municipal,ALM
ALO,Waterloo,ALO
ALP,Nejrab,ALP
ALR,Alexandra,ALR
ALS,Alamosa Municipal,ALS
ALU,Alula,ALU
ALW,Walla Walla,ALW
ALY,Alexandria,ALY
AMA,Amarillo Internationa,AMA
AMB,Ambilobe,AMB
AMC,Am Timan,AMC
AMD,Ahmedabad,AMD
AMH,Arba Mintch,AMH
AMI,Selaparang,AMI
AMM,Queen Alia Int'l,AMM
AMO,Mao,AMO
AMP,Ampanihy,AMP
AMQ,Pattimura,AMQ
AMS,Schiphol,AMS
AMU,Amanab,AMU
AMY,Ambatomainty,AMY
AMZ,Brazil Airport One,AMZ
ANB,Anniston County,ANB
ANC,Anchorage Int'l,ANC
ANE,Angers - Marce Airport,ANE
ANF,Cerro Moreno,ANF
ANG,Brie-Champnier,ANG
ANI,Aniak,ANI
ANK,Ankara - Etimesgut,ANK
ANM,Antsirabato,ANM
ANO,Angoche,ANO
ANR,Deurne,ANR
ANS,Andahuaylas,ANS
ANU,Vc Bird Int'l,ANU
ANV,Anvik,ANV
ANX,Andenes,ANX
AOC,Altenburg - Nobitz Airport,AOC
AOD,Abou Deia,AOD
AOE,Eskisehir Anadolu,AOE
AOI,Falconara,AOI
AOJ,Aomori,AOJ
AOK,Karpathos,AOK
AOL,Paso De Los Libres,AOL
AOO,Altoona,AOO
AOR,Alor Setar,AOR
AOS,Amook,AOS
APC,Napa County,APC
APF,Naples,APF
APK,Apataki,APK
APL,Nampula,APL
APN,Alpena County Regional,APN
APO,Apartado,APO
APP,Asapa,APP
APQ,Arapiraca,APQ
APW,Faleolo,APW
APZ,Zapala,APZ
AQA,Araraquara Airport,AQA
AQI,Qaisumah Domestic Airport,AQI
AQJ,Aqaba International Airport,AQJ
AQP,Rodriguez Ballon,AQP
ARC,Arctic Village,ARC
ARD,Alor Island,ARD
ARE,Antonio Juarbe Pol,ARE
ARH,Arkhangelsk,ARH
ARI,Chacalluta,ARI
ARM,Armidale,ARM
ARN,Arlanda,STO
ARP,Aragip,ARP
ARR,Alto Rio Senguerr,ARR
ART,Watertown,ART
ARU,Aractuba,ARU
ARV,Noble F Lee,ARV
ARW,Arad,ARW
ARZ,N'Zeto,ARZ
ASA,Assab,ASA
ASB,Ashgabad,ASB
ASD,Andros Town,ASD
ASE,Aspen,ASE
ASF,Astrakhan,ASF
ASJ,Amami O Shima,ASJ
ASK,Yamoussoukro,ASK
ASM,Asmara Int'l,ASM
ASO,Asosa,ASO
ASP,Alice Springs,ASP
ASR,Kayseri,ASR
ASU,Silvio Pettirossi,ASU
ASV,Amboseli,ASV
ASW,Aswan,ASW
ATB,Atbara,ATB
ATC,Arthur's Town,ATC
ATH,Athinai,ATH
ATI,Artigas,ATI
ATJ,Antsirabe,ATJ
ATK,Atqasuk,ATK
ATL,William B Hartsfield,ATL
ATM,Altamira,ATM
ATP,Aitape Airstrip,ATP
ATQ,Raja Sansi,ATQ
ATR,Mouakchott,ATR
ATT,Atmautluak,ATT
ATV,Ati,ATV
ATW,Outagamie County,ATW
ATY,Watertown,ATY
ATZ,Assiut,ATZ
AUA,Reina Beatrix,AUA
AUC,Arauca,AUC
AUG,Augusta,AUG
AUH,Abu Dhabi Int'l,AUH
AUJ,Ambunti,AUJ
AUK,Alakanuk,AUK
AUP,Agaun,AUP
AUQ,Atuona,AUQ
AUR,Aurillac,AUR
AUS,Robert Mueller Municipal,AUS
AUU,Aurukun Mission,AUU
AUX,Araguaina,AUX
AUY,Aneityum,AUY
AVI,Ciego De Avila,AVI
AVL,Asheville Municipal,AVL
AVN,Avignon,AVN
AVP,Scranton Int'l,AVP
AVU,Avu Avu,AVU
AVV,,AVV
AVW,Avra Valley,TUS
AVX,Avalon Bay,AVX
AWA,Awassa,AWA
AWB,AWABA,AWB
AWD,Aniwa,AWD
AWH,Awareh,AWH
AWZ,Ahwaz,AWZ
AXA,Wallblake,AXA
AXD,Demokritos,AXD
AXK,Ataq,AXK
AXM,El Eden,AXM
AXP,Spring Point,AXP
AXR,Arutua,AXR
AXT,Akita,AXT
AXU,Axum,AXU
AYG,Yaguara,AYG
AYP,Yanamilla,AYP
AYQ,Connellan,AYQ
AYT,Antalya,AYT
AYW,Ayawasi,AYW
AZA,Phoenix-Mesa Gateway ,PHX
AZB,Amazon Bay,AZB
AZD,Yazd,AZD
AZN,Andizhan,AZN
AZO,Battle Creek Int'l,AZO
AZP,Atizapan,MEX
AZR,Adrar,AZR
AZS,Samana El Catey Intl Airport,AZS
AZZ,Ambriz,AZZ
BAA,Bialla,BAA
BAG,Loakan,BAG
BAH,Bahrain Int'l,BAH
BAI,BUENOS AIRES,BAI
BAL,Batman,BAL
BAO,Ban Mak Khaen Airport,BAO
BAQ,E Cortissoz,BAQ
BAS,Balalae,BAS
BAU,Bauru,BAU
BAV,Baotou,BAV
BAX,Barnaul,BAX
BAY,Baia Mare,BAY
BAZ,Barcelos Airport,BAZ
BBA,Balmaceda Airport,BBA
BBF,Burlington,BBF
BBG,Butaritari,BBG
BBH,Stralsund Barth Airport,BBH
BBI,Bhubaneswar,BBI
BBK,Kasane,BBK
BBN,Bario,BBN
BBO,Berbera,BBO
BBQ,Barbuda,BBQ
BBS,Blackbush,BBS
BBT,Berberati,BBT
BBU,Baneasa,BUH
BBV,Bereby,BBV
BBX,Wings Field,PHL
BBY,Bambari,BBY
BCA,Baracoa,BCA
BCD,Bacolod,BCD
BCE,Bryce,BCE
BCF,Bouca,BCF
BCL,Barra del Colorado Airport,BCL
BCM,Bacau,BCM
BCN,Barcelona,BCN
BCO,Jinka,BCO
BCT,Public Non Commercial,BCT
BCU,Bauchi,BCU
BCY,Bulchi,BCY
BCZ,Bickerton Island,BCZ
BDA,Bermuda Int'l,BDA
BDB,Bundaberg,BDB
BDD,Badu Island,BDD
BDH,Bandar Lengeh,BDH
BDI,Bird Island,BDI
BDJ,Sjamsudin Noor,BDJ
BDK,Bondoukou,BDK
BDL,Bradley Int'l,HFD
BDO,Husein Sastranegara,BDO
BDQ,Vadodara,BDQ
BDR,Igor I. Sikorsky Memorial,BDR
BDS,Papola Casale,BDS
BDT,Gbadolite,BDT
BDU,Bardufoss,BDU
BEB,Benbecula,BEB
BEC,Wichita Beech,ICT
BED,Hanscom Field,BED
BEF,Bluefields,BEF
BEG,Beograd,BEG
BEI,Beica,BEI
BEJ,Berau,BEJ
BEL,Val De Cans,BEL
BEM,Bossembele,BEM
BEN,Benina Int'l,BEN
BEO,Belmont,NTL
BEP,Bellary,BEP
BER,Berlin - All Airports,BER
BES,Guipavas,BES
BET,Bethel,BET
BEW,Beira,BEW
BEY,Beirut Int'l,BEY
BEZ,Beru,BEZ
BFC,Bloomfield,BFC
BFD,Bradford,BFD
BFF,Scotts Bluff County,BFF
BFI,King County Intl Airport,BFI
BFL,Meadows Field,BFL
BFN, Bloemfontein,BFN
BFO,Buffalo Range,BFO
BFS,Belfast Int'l,BFS
BFV,Buriram Airport,BFV
BFX,Bafoussam,BFX
BGA,Bucaramanga,BGA
BGB,Booue,BGB
BGC,Braganca,BGC
BGF,Bangui,BGF
BGG,Bingol Airport,BGG
BGH,Abbaye,BGH
BGI,Grantley Adams Int'l,BGI
BGJ,Borgarfjordur Eystri,BGJ
BGK,Big Creek,BGK
BGM,Binghamton,BGM
BGO,Flesland,BGO
BGR,Bangor Internationa,BGR
BGU,Bangassou,BGU
BGW,Baghdad International Airport,BGW
BGY,Orio Al Serio,MIL
BHA,Bahia De Caraquez,BHA
BHB,Bar Harbour,BHB
BHC,Bhurban Heliport,BHC
BHD,Belfast City,BFS
BHE,Blenheim,BHE
BHG,Brus Laguna,BHG
BHH,Bisha Domestic Airport,BHH
BHI,Comandante,BHI
BHJ,Rudra Mata,BHJ
BHK,Bukhara,BHK
BHM,Birmingham,BHM
BHN,Beihan,BHN
BHO,Bhopal,BHO
BHP,BHOJPUR,BHP
BHQ,Broken Hill,BHQ
BHS,Raglan,BHS
BHU,Bhavnagar,BHU
BHX,Birmingham Int'l,BHX
BHY,Beihai,BHY
BIA,Poretta,BIA
BID,Block Island,BID
BIH,Bishop,BIH
BII,Enyu Airfield,BII
BIK,Mokmer,BIK
BIL,Billings,BIL
BIM,Bimini Int'l,BIM
BIO,Bilbao,BIO
BIQ,Bayonne Anglet,BIQ
BIR,Biratnagar,BIR
BIS,Bismarck,BIS
BIV,Bria,BIV
BIY,Bisho,BIY
BJA,Bejaia,BJA
BJD,Bakkafjordur,BJD
BJF,Batsfjord,BJF
BJI,Bemidji,BJI
BJL,Yundum Int'l,BJL
BJM,Bujumbura Int'l,BJM
BJO,Bermejo,BJO
BJR,Bahar Dar,BJR
BJS,Beijing (All Airport),BJS
BJV,Milas,BXN
BJW,Bajawa,BJW
BJX,Guanajuato del Bajio,BJX
BKA,Bykovo,MOW
BKB,,BKB
BKC,Buckland,BKC
BKG,Branson Airport,BKG
BKI,Kota Kinabalu,BKI
BKJ,Boke,BKJ
BKK,Bangkok Int'l,BKK
BKL,Burke Lakefront,CLE
BKM,Bakalalan,BKM
BKN,BKN,BKN
BKO,Bamako,BKO
BKQ,Blackall,BKQ
BKR,Bokoro,BKR
BKS,Padangkemiling,BKS
BKU,Betioky,BKU
BKW,Beckley,BKW
BKX,Brookings,BKX
BKY,Kamenbe,BKY
BKZ,Bukoba,BKZ
BLA,Barcelonagen Ja A Anzoategui,BLA
BLB,Panama Pacifico,BLB
BLC,Bali,BLC
BLE,Dala,BLE
BLF,Mercer County,BLF
BLG,Belaga,BLG
BLI,Bellingham,BLI
BLK,Blackpool,BLK
BLL,Billund,BLL
BLQ,Guglielmo Marconi,BLQ
BLR,Kempegowda International Airport,BLR
BLT,Blackwater,BLT
BLZ,Chileka,BLZ
BMA,Bromma,STO
BMB,Bumba,BMB
BMD,Belo,BMD
BME,Broome,BME
BMF,Bakouma,BMF
BMG,Bloomington,BMG
BMI,Bloomington,BMI
BMK,Borkum,BMK
BMM,Bitam,BMM
BMN,Bamerny Airport,BMN
BMO,Bhamo,BMO
BMP,Brampton Island,BMP
BMQ,Bamburi,BMQ
BMU,Bima,BMU
BMV,Phung - Duc,BMV
BMW,Bordj Badji Mokht,BMW
BMY,Belep Island,BMY
BNA,Nashville,BNA
BNB,Boende,BNB
BNC,Beni,BNC
BND,Bandar Abbas,BND
BNE,Brisbane Airport,BNE
BNI,Benin City,BNI
BNK,Ballina,BNK
BNN,Bronnoy,BNN
BNR,Banfora,BNR
BNS,Barinas,BNS
BNW,Boone Municipal Airport,BNW
BNX,Banja Luka Intl Airport,BNX
BNY,Bellona,BNY
BOA,BOMA,BOA
BOB,Motu-Mute,BOB
BOC,Bocas Del Toro,BOC
BOD,Merignac,BOD
BOE,Boundji,BOE
BOG,Eldorado,BOG
BOH,Bournemouth Int'l,BOH
BOI,Boise Air Term. (Gowen Field),BOI
BOJ,Bourgas,BOJ
BOM,Mumbai,BOM
BON,Flamingo Int'l,BON
BOO,Bodo,BOO
BOP,Bouar,BOP
BOR,Fontaine,BOR
BOS,Logan Int'l,BOS
BOX,Borroloola,BOX
BOY,Borgo,BOY
BOZ,Bozoum,BOZ
BPC,Bamenda,BPC
BPG,Barra Do Garcas,BPG
BPM,Begumpet Airport,BPM
BPN,Sepingan,BPN
BPR,Borongan Airport,BPR
BPS,Porto Seguro,BPS
BPT,Jefferson County,BPT
BPY,Besalampy,BPY
BQB,Busselton,BQB
BQK,Glynco Jetport,SSI
BQL,Boulia,BQL
BQN,Borinquen,BQN
BQO,Bouna,BQO
BQT,Brest,BQT
BR3,Brazil Airport,BR2
BRA,Barreiras,BRA
BRC,Bariloche Int'l,BRC
BRD,Crow Wing County,BRD
BRE,Bremen,BRE
BRG,Whitesburg Municipal Airport,BRG
BRI,Palese,BRI
BRK,Bourke,BRK
BRL,Burlington,BRL
BRM,Barquisimeto,BRM
BRN,Belp,BRN
BRO,Bouth Padre Is. Int'l,BRO
BRQ,Turany,BRQ
BRR,North Bay,BRR
BRS,Bristol,BRS
BRT,Bathurst Island,BRT
BRU,Brussels National,BRU
BRV,Bremerhaven,BRV
BRW,Will Rogers Memorial,BRW
BSA,Bossaso,BSA
BSB,Brasilia Int'l,BSB
BSC,Bahia Solano,BSC
BSG,Bata,BSG
BSJ,Bairnsdale,BSJ
BSK,Biskra,BSK
BSL,Basel Euroairport,BSL
BSN,Bossangoa,BSN
BSO,Basco Airport,BSO
BSP,Bensbach,BSP
BSR,Basra International Airport,BSR
BST,Bost,BST
BSU,Basankusu,BSU
BSV,Besakoa,BSV
BTA,Bertoua,BTA
BTB,Betou,BTB
BTE,Bonthe,BTE
BTG,Batangafo,BTG
BTH,Hang Nadim,BTH
BTI,Barter Island,BTI
BTJ,Blang Bintang,BTJ
BTK,Bratsk,BTK
BTL,Wk Kellogg Regional,BTL
BTM,Butte,BTM
BTR,Ryan,BTR
BTS,Ivanka,BTS
BTT,Bettles,BTT
BTU,Bintulu,BTU
BTV,Burlington Int'l,BTV
BTZ, BURSA,BTZ
BUA,Buka,BUA
BUC,Burketown,BUC
BUD,Ferihegy,BUD
BUE,Buenos Aires (All Airports),BUE
BUF,Greater Buffalo Int'l,BUF
BUG,Gen V Deslande,BUG
BUH,Bucharest (All Airport),BUH
BUI,Bokondini,BUI
BUK,Albuq,BUK
BUL,Bulolo,BUL
BUN,Buenaventura,BUN
BUO,Burao,BUO
BUP,Bhatinda,BUP
BUQ,Bulawayo,BUQ
BUR,Burbank,BUR
BUS,Batumi,BUS
BUT,Bathpalathang Airport,BUT
BUW,Baubau,BUW
BUX,Bunia,BUX
BUZ,Bushehr,BUZ
BVA,Beauvais-Tille,PAR
BVB,Boa Vista,BVB
BVC,Rabil,BVC
BVE,Laroche,BVE
BVG,Berlevag,BVG
BVH,Vilhena,BVH
BVI,Birdsville,BVI
BVM,Belmonte,BVM
BWA,BWA,BWA
BWD,Brownwood,BWD
BWE,Braunschweig,BWE
BWG,Bowling Green - Warren County Airport,BWG
BWI,Baltimore,WAS
BWK,Brac Airport,BWK
BWN,Brunei Int'l,BWN
BWT,Burnie Wynyard,BWT
BXB,Babo,BXB
BXC,Boxborough,BXC
BXD,Bade,BXD
BXE,Bakel,BXE
BXI,Boundiali,BXI
BXM,Batom,BXM
BXN,Bodrum Imsik Airport,BXN
BXU,Butuan,BXU
BXV,Breiddalsvik,BXV
BYB,Dibaa,BYB
BYC,Yacuiba,BYC
BYK,Bouake,BYK
BYM,C.M. De Cespedes,BYM
BYO,Bonito Airport,BYO
BYU,Bindlacher-Berg,BYU
BYX,Baniyala,BYX
BZE,Philip S.W. Goldson Int'l,BZE
BZG,Bydgoszcz Ignacy Jan Paderewski Airport,QEO
BZL,Barisal Airport,BZL
BZM,Woensdrecht,BZM
BZN,Galltin Field,BZN
BZO,Bolzano,BZO
BZR,Beziers Vias,BZR
BZV,Maya Maya,BZV
CAB,Cabinda,CAB
CAC,Cascavel,CAC
CAE,Columbia Metropolitan,CAE
CAG,Elmas,CAG
CAI,Cairo Int'l,CAI
CAJ,Canaima,CAJ
CAK, Akron,CAK
CAL,Machrihanish,CAL
CAM,Camiri,CAM
CAN,Baiyun,CAN
CAP,Cap Haitien,CAP
CAQ,Caucasia,CAQ
CAS,Casablanca - Anfa,CAS
CAV,Cazombo,CAV
CAW,Bartolomeu Lisandro,CAW
CAX,Carlisle,CAX
CAY,Rochambeau,CAY
CBB,J Wilsterman,CBB
CBD,Car Nicobar,CBD
CBE, WILEY FORD,CBE
CBG,Cambridge,CBG
CBH,Leger,CBH
CBL,Ciudad Bolivar,CBL
CBN,Penggung,CBN
CBO,Awang,CBO
CBQ,Calabar,CBQ
CBR,Canberra,CBR
CBT,Catumbela,CBT
CBX,Condobolin,CBX
CCC,Cayo Coco Airport,CCC
CCF,Salvaza,CCF
CCJ,Calicut International,CCJ
CCK,Cocos Islands,CCK
CCM,Crisciuma,CCM
CCN,Chakcharan,CCN
CCO,Carimagua,CCO
CCP,Carriel Sur,CCP
CCR,Buchanan Field,CCR
CCS,Simon Bolivar,CCS
CCT,Colonia Catriel,CCT
CCU,Netaji Subhas Chandra Bose,CCU
CCV,Craig Cove,CCV
CCZ,Chub Cay,CCZ
CDB,Cold Bay,CDB
CDC,Cedar City,CDC
CDG,Charles De Gaulle,PAR
CDJ,Conceicao Do Arag,CDJ
CDP,Cuddapah Airport,CDP
CDR,Chadron,CDR
CDT,Castellon de la Plana,CDT
CDV,Mudhole Smith,CDV
CEA,Cessna Aircraft Field,ICT
CEB,Cebu,CEB
CEC,Mc Namara Field,CEC
CED,Ceduna,CED
CEF,Westover Metro,SFY
CEI,Chiang Rai,CEI
CEK,Chelyabinsk,CEK
CEN,Ciudad Obregon,CEN
CEO,Waco Kungo,CEO
CEQ,Cannes - Mandelieu,CEQ
CER,Maupertus,CER
CES,Cessnock,CES
CEZ,Montezuma County,CEZ
CFB,Cabo Frio,CFB
CFC,Cacador Airport,CFC
CFE,Aulnat,CFE
CFG,Jaime González Airport,CFG
CFK,Aboubakr Belkaid,CFK
CFN,Donegal,CFN
CFO,Confreza,CFO
CFR,Carpiquet,CFR
CFS,Coffs Harbour,CFS
CFU,Kerkyra,CFU
CGB,M. Rondon,CGB
CGD,Changde Taohuayuan Airport,CGD
CGF,Cuyahoga County,CLE
CGH,Congonhas,SAO
CGI,Cape Girardeau,CGI
CGK,Soekarno-Hatta Int'l,JKT
CGM,Camiguin Airport,CGM
CGN,Cologne,CGN
CGO,Zhengzhou,CGO
CGP,Patenga,CGP
CGQ,Changchun,CGQ
CGR,Campo Grande Int'l,CGR
CGS,College Park,CGS
CGY,Laguindingan Airport,CGY
CHA,Lovell Field,CHA
CHC,Christchurch,CHC
CHH,Chachapoyas,CHH
CHI,Chicago airports,CHI
CHM,Chimbote,CHM
CHO,Albemarle,CHO
CHQ,Souda,CHQ
CHR,Chateauroux,CHR
CHS,Charleston,CHS
CHU,Chuathbaluk,CHU
CHX,Changuinola,CHX
CHY,Choiseul Bay,CHY
CIA,Rome Ciampino,ROM
CIB,Ap In The Sky,AVX
CIC,Chico,CIC
CID,Cedar Rapids,CID
CIE,Collie Airport,CIE
CIF,Chifeng,CIF
CIH,Changzhi,CIH
CIJ,E. Beltram,CIJ
CIK,Chalkyitsik,CIK
CIL,Melsing Creek,CIL
CIM,Cimitarra,CIM
CIP,Chipata,CIP
CIT,Chimkent,CIT
CIU,Chippewa County,SSM
CIW,Canouan Island,CIW
CIX,Cornel Ruiy,CIX
CIY,Comiso Ragusa Airport,CIY
CIZ,Coari Airport,CIZ
CJA,Cajamarca,CJA
CJB,Peelamedu,CJB
CJC,Calama,CJC
CJD,Candilejas,CJD
CJJ,Cheongju International Airport,CJJ
CJM,Chumphon,CJM
CJS,Ciudad Juarez Intl,CJS
CJU,Cheju,CJU
CKB,Benedium,CKB
CKD,Crooked Creek,CKD
CKG,Chongqing,CKG
CKK,CHEROKEE,CKK
CKS,Carajas,CKS
CKY,Conakry,CKY
CKZ,Canakkale,CKZ
CLD,Carlsbad,CLD
CLE,Hopkins Int'l,CLE
CLJ,Cluj,CLJ
CLL,Easterwood Field,CLL
CLM,Fairchild Int'l,CLM
CLO,Alfonso B. Aragon,CLO
CLP,Clarks Point,CLP
CLQ,Colima,CLQ
CLT,Douglas,CLT
CLV,Caldas Novas Airport,CLV
CLY,Ste Catherine,CLY
CMA,Camarillo Airport,CMA
CMB,Katunayake,CMB
CMD,Cootamundra Airport,CMD
CME,Ciudad Del Carmen,CME
CMF,Chambery,CMF
CMG,Corumba Int'l,CMG
CMH,Port Columbus Int'l,CMH
CMI,Willard University,CMI
CMJ,Chi Mei,CMJ
CMN,Mohamed V,CAS
CMP,Santana Do Aragua,CMP
CMQ,Clermont,CMQ
CMR,Colmar-Houssen,CMR
CMU,Chimbu,CMU
CMW,Ign Agramonte Int'l,CMW
CMX,Houghton County,CMX
CNC,Coconut Island,CNC
CND,Kogalniceanu,CND
CNF,Tancredo Neves Int'l,BHZ
CNJ,Cloncurry,CNJ
CNM,Carlsbad,CNM
CNN,Kannur,KZZ
CNO,Chino,CNO
CNQ,Camba Punta,CNQ
CNS,Cairns,CNS
CNW,James Connall,ACT
CNX,Chiang Mai Int'l,CNX
CNY,Canyonlands Field,CNY
COC,Concordia,COC
COD,Yellowstone Regional,COD
COE,Coeur D'Alene,COE
COG,Condoto,COG
COH,Cooch Behar,COH
COJ,Coonabarabran,COJ
COK,Cochin,COK
CON,Concord,CON
COO,Cotonou,COO
COR,Pajas Blancas,COR
COS,Colorado Springs,COS
COU,Columbia Regional,COU
CPA,A. Tubman,CPA
CPB,Capurgana,CPB
CPC,San Martin de Los Andes,CPC
CPD,Coober Pedy,CPD
CPE,Campeche Int'l,CPE
CPH,Copenhagen,CPH
CPM,Compton,CPM
CPN,Cape Rodney,CPN
CPO,Chamonate,CPO
CPQ,Campinas Int'l,CPQ
CPR,Casper,CPR
CPT,International,CPT
CPV,Joao Suassuna,CPV
CPX,Culebra,CPX
CQM,Ciudad Real,CQM
CQT,Caquetania,CQT
CRA,Craiova Airport,CRA
CRD,Cdro  Rivadavia,CRD
CRF,Carnot,CRF
CRI,Crooked Island,CRI
CRK,Clark International Airport,CRK
CRL,Brussels S. Charleroi,BRU
CRM,Catarman National Airport,CRM
CRN,Cromarty Airport,CRN
CRP,Corpus Christi Int'l,CRP
CRQ,Caravelas,CRQ
CRU,Carriacou Is,CRU
CRV,crotone airport,CRV
CRW,Yeager,CRW
CSB,Caransebes,CSB
CSG,Columbus,CSG
CSK,Cap Skirring,CSK
CSL,O’Sullivan AAF,CSL
CSN,Carson City,CSN
CSO,Cochstedt,CSO
CST,Castaway,CST
CSX,Changsha,CSX
CSY,Cheboksary Airport,CSY
CTA,Fontanarossa,CTA
CTC,Catamarca,CTC
CTG,Rafael Nunez,CTG
CTL,Charleville,CTL
CTM,Chetumal,CTM
CTN,Cooktown,CTN
CTS,Chitose,SPK
CTU,Chengdu,CTU
CUC,Cucuta,CUC
CUE,Cuenca,CUE
CUF,Levaldige,CUF
CUL,Fedl De Bachigualato,CUL
CUM,Cumana,CUM
CUN,Cancun,CUN
CUP,Carupano,CUP
CUQ,Coen,CUQ
CUR,Aeropuerto Hato,CUR
CUT,Cutral,CUT
CUU,Gen Fierro Villalobos,CUU
CUY,Cue,CUY
CUZ,Velazco Astete,CUZ
CVF,Courchevel,CVF
CVG,Cincinnati/Northern Kentucky,CVG
CVJ,General Mariano Matamoros Airport,CVJ
CVL,Cape Vogel,CVL
CVM,Ciudad Victoria,CVM
CVN,Clovis Municipal,CVN
CVQ,Carnarvon,CVQ
CVR,Hughes,CVR
CVT,Coventry West Midlands Intl Airport,CVT
CWA,Central Wisonsin,AUW
CWB,Afonso Pena,CWB
CWC,Chernovtsy Airport,CWC
CWL,Cardiff,CWL
CWT,Cowra,CWT
CXA,Caicara De Oro,CXA
CXB,Cox's Bazar,CXB
CXH,Coal Harbour,YVR
CXI,Christmas Island,CXI
CXJ,Campo Dos Bugres,CXJ
CXL,Calexico Internatioanl,CXL
CXP,Tunggul Wulung,CXP
CXR,Cam Ranh International Airport,CXR
CXT,Charters Towers,CXT
CYB,Gerrard-Smith,CYB
CYC,Caye Chapel,CYC
CYG,Corryong,CYG
CYO,Vilo Acuna Airport,CYO
CYP,Calbayog,CYP
CYR,Colonia,CYR
CYS,Cheyenne,CYS
CYZ,Cauayan Airport,CYZ
CZE,Coro,CZE
CZH,Corozal,CZH
CZL,Ain El Bey,CZL
CZM,Cozumel,CZM
CZS,Campo Int'l,CZS
CZU,Corozal,CZU
CZX,Changzhou,CZX
DAB,Daytona Beach Regional,DAB
DAC,Hazrat Shahjalal International Airport,DAC
DAD,Da Nang,DAD
DAL,Love Field,DFW
DAM,Damascus Int'l,DAM
DAN,Danville Municipal,DAN
DAR,Dar Es Salaam Int'l,DAR
DAU,Daru,DAU
DAV,Enrique Malek,DAV
DAY,James Cox Dayton Int'l,DAY
DBB,Alalamain - Dabaa Intl Airport,DBB
DBD,DHANBAD,DBD
DBM,Debra Marcos,DBM
DBO,Dubbo,DBO
DBP,Debepare,DBP
DBQ,Dubuque Municipal,DBQ
DBT,Debra Tabor,DBT
DBV,Dubrovnik,DBV
DCA,R Reagan National,WAS
DCF,Cane Field,DOM
DCM,Castres - Mazamet,DCM
DCN,Derby Airport,DCN
DDC,Dodge City Municipal,DDC
DDI,Daydream Is,DDI
DDM,Dodoima,DDM
DDN,DELTA DOWNS,DDN
DEA,Dera Ghazi Khan Airport,DEA
DEB,Debrecen,DEB
DEC,Decatur,DEC
DED,Dehra Dun,DED
DEH,DECORAH MNPL,DEH
DEI,Denis Island,DEI
DEL,Indira Gandhi International,DEL
DEM,Dembidollo,DEM
DEN,Denver Internationa,DEN
DER,Derim,DER
DES,Desroches,DES
DET,Detroit City,DTT
DEZ,Deirezzor,DEZ
dfg,ghjghjgj,ALG
DFW,Ft Worth Int'l,DFW
DGA,Dangriga,DGA
DGE,Mudgee,DGE
DGO,Guadalupe Victoria,DGO
DGT,Dumaguete,DGT
DGU,Dedougou,DGU
DHA,King Abdulaziz Air Base,DHA
DHM,Gaggal,DHM
DHN,Dothan,DHN
DHR,Den Helder - De Kooy Airfield,DHR
DHT,Dalhart,DHT
DIB,Mohanbari,DIB
DIE,Antsiranana/Arrachart,DIE
DIJ,Dijon,DIJ
DIK,Dickinson Theodore Roosevelt Reg Airport,DIK
DIL,Comoro,DIL
DIM,Dimbokro,DIM
DIO,Diomede Island,DIO
DIQ,Divinopolis Airport,DIQ
DIR,Aba Tenna D Yilma,DIR
DIS,Loubomo,DIS
DIU,DIU,DIU
DIY,Diyarbakir,DIY
DJB,Sultan Taha Syarifudn,DJB
DJE,Melita,DJE
DJG,Inedbirenne,DJG
DJJ,Sentani,DJJ
DJM,Djambala,DJM
DJN,Delta Junction,DJN
DJO,Daloa,DJO
DKI,Dunk Island,DKI
DKR,Yoff,DKR
DLA,Douala,DLA
DLC,Dalian,DLC
DLE,Tavaux,DLE
DLG,Dillingham Municipal,DLG
DLH,Duluth Int'l,DLH
DLI,LIENKHANG,DLI
DLM,Dalaman,DLM
DLO,Dolomi,DLO
DLY,Dillons Bay,DLY
DMB,Zhambyl,DMB
DMD,Doomadgee,DMD
DME,Domodedovo,MOW
DMK,Don Mueang International Airport,DMK
DMM,King Fahad Intl,DMM
DMS,DAMMAM,DMM
DMU,Dimapur,DMU
DND,Dundee,DND
DNH,Dunhuang,DNH
DNK,Dnepropetrovsk,DNK
DNL,Daniel Field,AGS
DNQ,Deniliquin,DNQ
DNR,Pleurtuit,DNR
DNZ,Cardak,DNZ
DOA,Doany,DOA
DOD,Dodoma,DOD
DOF,Dora Bay,DOF
DOG,Dongola,DOG
DOH,Doha International,DOH
DOK,Donetsk,DOK
DOL,St Gatien,DOL
DOM,Melville Hall,DOM
DOR,Dori,DOR
DOU,Dourados,DOU
DOY,Dongying Shengli Airport,DSN
DPL,Dipolog,DPL
DPO,Devonport,DPO
DPS,Ngurah Rai,DPS
DQM,Duqm Airport,DQM
DRG,Deering,DRG
DRO,La Plata,DRO
DRS,Dresden,DRS
DRW,Darwin,DRW
DSA,Robin hood,DSA
DSC,Dschang,DSC
DSD,La Desirade,DSD
DSE,Comobolcha,DSE
DSM,Des Moines,DSM
DSN,Ordos Ejin Horo Airport,DSN
DSS,Blaise Diagne International Airport,DKR
DTB,Silangit Airport,DTB
DTD,Datadawai,DTD
DTI,Diamantina Airport,DTI
DTM,Dortmund,DTM
DTT,Detroit All Airports,DTT
DTW,Wayne County,DTT
DTZ,,DTZ
DUB,Dublin,DUB
DUD,Dunedin,DUD
DUE,Dundo,DUE
DUJ,Jefferson County,DUJ
DUM,Pinang Kampai,DUM
DUR,International,DUR
DUS,Dusseldorf,DUS
DVO,Mati,DVO
DWA,Dwangwa,DWA
DWB,Soalala,DWB
DWC,Al Maktoum International Airport,DXB
DWD,Dawadmi Domestic Airport,DWD
DXB,Dubai International,DXB
DYA,Dysart,DYA
DYG,Zhangjiajie Hehua Airport,DYG
DYU,Dushanbe,DYU
DZA,Dzaoudzi,DZA
DZN,Zhezkazgan Airport,DZN
EAA,Eagle,EAA
EAE,Emae,EAE
EAM,Najran Domestic Airport,EAM
EAP,Euroairport Basel,EAP
EAR,Kearney,EAR
EAS,San Sebastian,EAS
EAT,Pangborn Field,EAT
EAU,Eau Claire,EAU
EBA,Elba - Marina Di Campo Airport,EBA
EBB,Entebbe,EBB
EBD,El Obeid,EBD
EBG,El Bagre,EBG
EBJ,Esbjerg,EBJ
EBL,Erbil International,EBL
EBU,Boutheon,EBU
EBW,Ebolowa,EBW
ECG,Elizabeth City,ECG
ECN,Ercan,ECN
ECP,Northwest Florida Beaches Intl Airport,ECP
EDA,Edna Bay,EDA
EDB,Eldebba,EDB
EDI,Edinburgh,EDI
EDL,Eldoret,EDL
EDO,Edremit - Korfez,EDO
EDR,Edward River,EDR
EEK,Eek,EEK
EFD,Ellington Field,HOU
EFL,Argostolion,EFL
EGC,Roumanieres,EGC
EGE,Eagle County,EGE
EGM,Sege,EGM
EGN,Geneina,EGN
EGO,Belgorod,EGO
EGS,Egilsstadir,EGS
EGV,Eagle River,EGV
EGX,Egegik,EGX
EHL,El Bolson,EHL
EIA,Popondetta,EIA
EIN,Eindhoven,EIN
EIS,Beef Island,EIS
EJA,Variguies,EJA
EJH,Al Wajh Domestic Airport,EJH
EKN,Elkins,EKN
EKO,Elko,EKO
ELB,San Bernardo,ELB
ELC,Elcho Island,ELC
ELF,El Fasher,ELF
ELG,El Golea,ELG
ELH,North Eleuthera Int'l,ELH
ELI,Elim,ELI
ELJ,El Recreo,ELJ
ELL,Ellisras,ELL
ELM,Elmira,ELM
ELP,El Paso Int'l,ELP
ELQ,Prince Nayef Bin Abdulaziz Regional Airport,ELQ
ELS, East London,ELS
ELT,Tour Sinai City,ELT
ELU,Guermar,ELU
ELY,Yelland,ELY
EMA,East Midlands,NQT
EMD,Emerald,EMD
EME,Emden,EME
EMK,Emmonak,EMK
EMN,Nema,EMN
EMO,Emo,EMO
EMS,Embessa,EMS
EMX,El Maiten,EMX
ENA,Kenai,ENA
ENE,Ende,ENE
ENF,Enontekio,ENF
ENI,El Nido Lio Airport,ENI
ENS,Twente,ENS
ENT,Enewetak Island,ENT
ENU,Enugu,ENU
EOI,Eday,EOI
EPL,Mirecourt,EPL
EPR,Esperance,EPR
EPS,El Portillo Airport,EPS
EPU,Parnu,EPU
EQS,Esquel,EQS
ERC,Erzincan,ERC
ERF,Erfurt,ERF
ERH,Errachidia,ERH
ERI,Erie Int'l,ERI
ERM,Erechim Airport,ERM
ERN,EIRUNEPE,ERN
ERZ,Erzurum,ERZ
ESA,Esa'ala,ESA
ESB,Esenboga,ANK
ESC,Delta County,ESC
ESD,Orcas Island,ESD
ESF,Esler Field,AEX
ESH,Shoreham,ESH
ESK,Eskisehir Airport,ESK
ESM,Esmeraldas,ESM
ESP,East Stroudsburg,ESP
ESR,El Salvador,ESR
ESS,Essen,ESS
ESU,Essaouira,ESU
ETE,Genda Wuha,ETE
ETH,Elat,ETH
ETM,Ramon International Airport,BEV
ETZ,Nancy Metz,ETZ
EUA,Kaufana,EUA
EUG,Eugene,EUG
EUN,Hassan I,EUN
EUX,F D Roosevelt,EUX
EVE,Evenes,EVE
EVG,Sveg,EVG
EVN,Yerevan,EVN
EVV,Dress Regional,EVV
EWB,New Bedford,EWB
EWI,Enarotali,EWI
EWN,Simmons Nott,EWN
EWO,Ewo,EWO
EWR,Newark Int'l,NYC
EXS,St. Thomas Railway,EXS
EXT,Exeter,EXT
EYL,Yelimane,EYL
EYP,El Yopal,EYP
EYW,Key West Int'l,EYW
EZE,Ministro Pistarini,BUE
EZS,Elazig,EZS
FAA,Faranah,FAA
FAE,Vagar,FAE
FAH,Farah,FAH
FAI,Fairbanks Int'l,FAI
FAJ,Fajardo,FAJ
FAO,Faro,FAO
FAR,Hector Field,FAR
FAT,Fresno Airterminal,FAT
FAV,Fakarava,FAV
FAY,Fayetteville Municipal,FAY
FBA,Fonte Boa Airport,FBA
FBD,Faizabad,FBD
FBE,Francisco Beltrao Airport,FBE
FBM,Luano,FBM
FCA,Glacier National Park,FCA
FCN,Cuxhaven Nordholz Airport,FCN
FCO,Fiumicino,ROM
FDE,Bringeland,FDE
FDF,Lamentin,FDF
FDH,Friedrichshafen,FDH
FDU,Bandundu,FDU
FEC,Feira de Santana,FEC
FEG,Fergana,FEG
FEJ,FEIJO,FEJ
FEN,Fernando De Noron,FEN
FER,Fergusons Gulf,FER
FEZ,Sais,FEZ
FGD,Fderik,FGD
FGU,Fangatau,FGU
FHU,Libby Aaf,FHU
FHZ,Fakahina,FHZ
FIC,Fire Cove,FIC
FID,Elizabeth Field,FID
FIE,Fair Isle,FIE
FIG,Fria,FIG
FIH,N’Djili,FIH
FIN,Finschhafen,FIN
FJR,Fujairah Int'l,FJR
FKB,Baden airpark,FKB
FKI,Kisangani,FKI
FKL,Chess Lamber,FKL
FKQ,Fak Fak,FKQ
FLA,Capitolio,FLA
FLG,Pulliam Field,FLG
FLL,Fll Int'l,FLL
FLN,Hercilio Luz,FLN
FLO,Florence,FLO
FLR,Peretola,FLR
FLS,Flinders Island,FLS
FLT,Flat,FLT
FLW,Flores Island,FLW
FMA,El Pucu,FMA
FMI,Kalemie,FMI
FMM,Allgaeu,FMM
FMN,Farmington Municipal,FMN
FMO,Muenster,FMO
FMR,France Airport,XLA
FMY,Fort Myers Page Field,FMY
FNA,Lungi Int'l,FNA
FNC,Funchal,FNC
FNG,Fada Ngourma,FNG
FNI,Garons,FNI
FNJ,Sunan,FNJ
FNL,Fort Collins Love,FNL
FNT,Bishop,FNT
FOC,Fuzhou,FOC
FOD,Fort Dodge,FOD
FOE,Forbes Field,FOE
FOG,Foggia - Gino Lisa,FOG
FOM,Foumban,FOM
FOO,Numfoor,FOO
FOR,Pinto Martins,FOR
FOU,Fougamou,FOU
FPO,Freeport Int'l,FPO
FPR,St Lucie County,FPR
FRA,Frankfurt Int'l,FRA
FRB,Forbes,FRB
FRC,Franca,FRC
FRD,Friday Harbor,FRD
FRE,Fera Island,FRE
FRG,Republic Field,FRG
FRL,Luigi Ridolfi,FRL
FRM,Fairmont,FRM
FRO,Flora,FRO
FRP,Fresh Water Bay,FRP
FRS,Santa Elena,FRS
FRU,Bishkek,FRU
FRW,Francistown,FRW
FSC,Sud Corse,FSC
FSD,Sioux Falls Regional,FSD
FSM,Fort Smith Municipal,FSM
FSP,St Pierre,FSP
FTA,Futuna,FTA
FTE,Comandante Armando Tola Intl Airport,FTE
FTU,Marillac,FTU
FTX,Owando,FTX
FUE,Fuerteventura,FUE
FUJ,Fukue,FUJ
FUK,Fukuoka,FUK
FUL,Fullerton Municipal,FUL
FUN,Funafuti Atol Int'l,FUN
FUT,Futuna Island,FUT
FWA,Fort Wayne Municipal,FWA
FXO,Cuamba,FXO
FYV,Drake Field,FYV
GAD,Gadsden Municipal,GAD
GAJ,Junmachi,GAJ
GAL,Galena,GAL
GAM,Gambell,GAM
GAN,Gan Domestic Airport,GAN
GAO,Los Canos,GAO
GAQ,Gao,GAQ
GAS,Garissa,GAS
GAU,Borjhar,GAU
GAX,Gamba,GAX
GAY,Gaya,GAY
GBB,Qabala International Airport,GBB
GBC,Gasuke,GBC
GBD,Great Bend,GBD
GBE,Sir Seretse Khama Int'l,GBE
GBJ,Les Bases,GBJ
GBK,Gbangbatok,GBK
GBX,Granada Bus Station,GBX
GCA,Guacamaya,GCA
GCC,Campbell County,GCC
GCI,Guernsey,GCI
GCJ,Crand Central,JNB
GCK,Garden City Municipal,GCK
GCM,Owen Roberts Int'l,GCM
GCN,Grand Canyon National Park,GCN
GDI,Gordil,GDI
GDL,Miguel Hidal,GDL
GDN,Rebiechowo,GDN
GDQ,Gondar,GDQ
GDT,Grand Turk Is,GDT
GDV,Dawson Community,GDV
GDX,Magadan,GDX
GDZ,Gelendzhik Airport,GDZ
GEA,Magenta,NOU
GEB,Gebe,GEB
GEC,Gecitkale,GEC
GEG,Spokane Int'l,GEG
GEL,Sepe Tiaraju,GEL
GEO,Cheddi Jagan Int,GEO
GER,Rafael Cabrera,GER
GES,General Santos International Airport ,GES
GET,Geraldton,GET
GEV,Gallivare,GEV
GEW,Gewoya,GEW
GEY,South Big Horn County,GEY
GFF,Griffith,GFF
GFK,Grand Forks,GFK
GFN,Grafton,GFN
GFY,Grootfontein,GFY
GGG,Gregg County,GGG
GGH,ggbhhjj,AAH
GGN,Gagnoa,GGN
GGO,Guiglo,GGO
GGR,Garoe,GGR
GGS,Gdor  Gregores,GGS
GGT,George Town,GGT
GGW,Glasgow,GGW
GHA,Noumerate,GHA
GHB,Governors Harbour,GHB
GHC,Great Harbour,GHC
GHT,Ghat,GHT
GIB,North Front,GIB
GIC,Boigu Island,GIC
GID,Gitega,GID
GIG,Rio De Janeiro Int'l,RIO
GII,Siguiri,GII
GIS,Gisborne,GIS
GIZ,Jizan Regional Airport,GIZ
GJA,Guanaja,GJA
GJL,Jijel,GJL
GJT,Walker Field,GJT
GKA,Goroka,GKA
GKL,Great Keppel Island,GKL
GLA,Glasgow int'l,GLA
GLD,Renner Field,GLD
GLF,Golfito,GLF
GLH,Greenville,GLH
GLI,Glen Innes,GLI
GLK,Galcaio,GLK
GLN,Guelmim Airport,GLN
GLO,Gloucester,GLO
GLS,Scholes Field,GLS
GLT,Gladstone,GLT
GLV,Golovin,GLV
GLX,Galela,GLX
GMA,Gemena,GMA
GMB,Gambela,GMB
GME,Gomel,GME
GMM,Gamboma,GMM
GMO,Gombe Lawanti Intl Airport,GMO
GMP,Gimpo International,SEL
GMR,Gambier Island,GMR
GMZ,La Gomera,GMZ
GNB,Saint Geoirs,GNB
GND,Point Saline Int'l,GND
GNI,Green Island,GNI
GNM,Guanambi,GNM
GNN,Ghinnir,GNN
GNR,General Roca,GNR
GNS,Gunungsitoli,GNS
GNU,Goodnews Mumtrak,GNU
GNV,J R Alison Municipal,GNV
GNY,?anl?urfa GAP Airport,SFQ
GNZ,Ghanzi,GNZ
GOA,Cristoforo Colombo,GOA
GOB,Goba,GOB
GOC,Gora,GOC
GOH,Nuuk,GOH
GOI,Dabolim,GOI
GOJ,Nizhniy Novgorod,GOJ
GOM,Goma,GOM
GON,Groton-New London,GON
GOP,Gorakhpur,GOP
GOR,Gore,GOR
GOT,Landvetter,GOT
GOU,Garoua,GOU
GOV,Nhulunbuy,GOV
GOZ,Gorna Orechovitsa,GOZ
GPA,Araxos,GPA
GPB,Guarapuava Airport,GPB
GPI,Guapi,GPI
GPN,Garden Point,GPN
GPS,Baltra,GPS
GPT,Biloxi Regional,GPT
GPZ,Grand Rapids,GPZ
GRB,Austin-Straubel Field,GRB
GRG,Gardez,GRG
GRI,Grand Island,GRI
GRJ,George,GRJ
GRK,Killeen-Fort Hood Regional Airport,GRK
GRO,Costa Brava,GRO
GRP,Gurupi,GRP
GRQ,Eelde,GRQ
GRR,Kent County Int'l,GRR
GRS,Grosseto Airport,GRS
GRU,Guarulhos Int'l,SAO
GRV,Groznyj,GRV
GRW,Graciosa Island,GRW
GRX,Granada,GRX
GRY,Grimsey,GRY
GRZ,Thalerhof,GRZ
GSA,Long Pasia,GSA
GSE,Saeve,GOT
GSO,Greensboro,GSO
GSP,Greenville-Spartanbur,GSP
GTE,Alyangula,GTE
GTF,Great Fall Int'ls,GTF
GTN,Glentanner,MON
GTO,Tolotio,GTO
GTR,Golden Triangle Regional,UBS
GUA,La Aurora,GUA
GUC,Gunnison,GUC
GUD,Goundam,GUD
GUH,Gunnedah,GUH
GUI,Guiria,GUI
GUM,A.B Won Pat Intl,GUM
GUP,Senator Clark,GUP
GUQ,Guanare,GUQ
GUR,Gurney,GUR
GUV,Mougulu,GUV
GUW,Atyrau,GUW
GVA,Geneva,GVA
GVI,Green River,GVI
GVR,Governador Valada,GVR
GVX,Sandviien,GVX
GWD,Gwadar,GWD
GWE,Gweru,GWE
GWL,Gwalior,GWL
GWT,Westerland,GWT
GWY,Galway,GWY
GXF,Seiyun,GXF
GXG,Negage,GXG
GXQ,Coyhaique,GXQ
GXX,Yagoua,GXX
GYA,Guayaramerin,GYA
GYD,HEYDAR ALIYEV INTL ARPT,GYD
GYE,Guayaquil,GYE
GYI,Gisenyi,GYI
GYM,Gen Jose M Yanez,GYM
GYN,Santa Genoveva,GYN
GYR,Litchfield,GYR
GZO,Gizo,GZO
GZP,Gazipasa,GZP
GZT,Gaziantep,GZT
HAA,Hasvik,HAA
HAC,Hachijo Jima,HAC
HAD,Halmstad,HAD
HAE,Havasupai,HAE
HAH,Hahaya Aeroport Internation,YVA
HAI,DR HAINES,HAI
HAJ,Hanover,HAJ
HAK,Haikou,HAK
HAM,Fuhlsbuttel,HAM
HAN,HANOI,HAN
HAP,Long Island,HAP
HAR,Harrisburg Skyport,HAR
HAS,Ha'il Regional Airport,HAS
HAU,Haugesund,HAU
HAV,Jose Marti Int'l,HAV
HBA,Hobart International Airport,IDD
HBE,Alexandria - Burj,ALY
HBT,Hafar Al-Batin Domestic Airport,HBT
HBX,Hubli,HBX
HCM,Eyl Airport,HCM
HCR,Holy Cross,HCR
HDF,Heringsdorf - Garz,HDF
HDM,Hamadan,HDM
HDN,Yampa Valley,SBS
HDS,Hoedspruit,HDS
HDY,Hat yai,HDY
HEA,Herat,HEA
HEH,Heho,HEH
HEI,Heide Buesum,HEI
HEL,Helsinki-Vantaa,HEL
HER,N Kazantzakis,HER
HET,Hohhot,HET
HEX,Herrer,SDQ
HFA,Haifa,HFA
HFD,Brainard,HFD
HFE,Hefei,HFE
HFN,Hornafjordur,HFN
HFS,Hagfors Airport,HFS
HFT,Hammerfest,HFT
HGA,Hargeisa,HGA
HGD,Hughenden,HGD
HGH,Hangzhou,HGH
HGL,Helgoland,HGL
HGN,Mae Hong Son,HGN
HGO,Korhogo,HGO
HGR,Wash. County Regional,HGR
HGS,Hastings,FNA
HGU,Kagamuga,HGU
HHH,Hilton Head,HHH
HHN,Hahn,FRA
HHQ,Hua Hin,HHQ
HHR,Hawthorne,HHR
HIB,Chisholm,HIB
HIJ,Hiroshima Int'l,HIJ
HIN,Sacheon,HIN
HIR,Henderson Int'l,HIR
HIS,Hayman Island,HIS
HJR,Khajuraho,HJR
HKD,Hakodate,HKD
HKG,Hong Kong Int'l,HKG
HKK,Hokitika,HKK
HKN,Hoskins,HKN
HKT,Phuket Int'l,HKT
HKY,Hickory,HKY
HLA,Lanseria,HLA
HLD,Hailar,HLD
HLF,Hultsfred,HLF
HLH,Ulanhot,HLH
HLN,Helena,HLN
HLP,Halim Perdana Kusuma,JKT
HLY,Anglesey Airport,HLY
HLZ,Hamilton,HLZ
HMA,Malmo city HVC,MMA
HMB,Sohag International Airport,HMB
HME,Oued Irara,HME
HMJ,Khmelnitskiy,HMJ
HMO,Gen Pesqueira Garcia,HMO
HMT,Ryan Field,HMT
HMV,Hemavan - Tarneby,HMV
HNA,Hanamaki,HNA
HND,Haneda,TYO
HNH,Hoonah,HNH
HNL,Honolulu Int'l,HNL
HNM,Hana,HNM
HNS,Haines Municipal,HNS
HNY,Hengyang,HNY
HOB,Lea County,HOB
HOD,Hodeidah,HOD
HOE,Houeisay,HOE
HOF,Al-Ahsa Domestic Airport,HOF
HOG,Frank Pais,HOG
HOI,Hao Island,HOI
HOK,Hooker Creek,HOK
HOM,Homer,HOM
HON,Howes,HON
HOQ,Hof,HOQ
HOR,Horta,HOR
HOT,Memorial Field,HOT
HOU,Hobby,HOU
HOV,Hovden,HOV
HPA,Salote Pilolevu,HPA
HPB,Hooper Bay,HPB
HPH,Cat Bi,HPH
HPN,Westchester County,HPN
HPV,Princeville,LIH
HRB,Harbin,HRB
HRE,Harare,HRE
HRG,Hurghada,HRG
HRI,,HRI
HRK,Kharkov,HRK
HRL,Valley Int'l,HRL
HRO,Boone County,HRO
HSG,Saga Airport,HSG
HSI,Hastings,HSI
HSK,Huesca - Pirineos,HSK
HSL,Huslia,HSL
HST,Homestead,HST
HSV,Madison County,HSV
HTA,Chita,HTA
HTI,Hamilton Island,HTI
HTO,East Hampton,HTO
HTR,Hateruma,HTR
HTS,Huntington,HTS
HTY,Hatay Airport,HTY
HUB,HUMBERT RIVER,HUB
HUE,Humera,HUE
HUF,Hulman Field,HUF
HUG,Huehuetenango Airport,HUG
HUH,Flying Boat,HUH
HUI,Hue - Phu Bai,HUI
HUK,Hukuntsi,HUK
HUM,Houma - Terrebonne Airport,HUM
HUN,Hualien,HUN
HUQ,Houn,HUQ
HUS,Hughes Municipal,HUS
HUT,Hutchison,HUT
HUV,Hudiksvall,HUV
HUW,Humaita Airport,HUW
HUX,Huatulco,HUX
HUY,Humberside,HUY
HVA,Analalava,HVA
HVB,Hervey Bay,HVB
HVG,Valan,HVG
HVN,New Haven,HVN
HVR,Havre City County,HVR
HWN,Hwange Nat Park,HWN
HWO,Norht Perry,HWO
HXX,Hay,HXX
HYA,Barnstable,HYA
HYD,Shamsabad International Airport,HYD
HYG,Hydaburg,HYG
HYL,Hollis,HYL
HYN,Huangyan,HYN
HYS,Hays Municipal,HYS
HZK,Husavik,HZK
IAA,Igarka,IAA
IAD,Dulles Int'l,WAS
IAG,Niagara Falls Int'l,IAG
IAH,Houston Intercontinental,HOU
IAM,In Amenas,IAM
IAN,Bob Barker Memorial,IAN
IAO,Siargao Airport,ICO
IAR,Tunoshna Airport,IAR
IAS,Iasi,IAS
IBA,Ibadan,IBA
IBE,Ibague,IBE
IBR,Ibaraki Airport,IBR
IBT,,IBT
IBZ,Ibiza,IBZ
ICI,Cicia,ICI
ICK,Nieuw Nickerie,ICK
ICN,Incheon International,SEL
ICT,Mid-Continent,ICT
IDA,Fanning Field,IDA
IDN,Indagen,IDN
IDR,Indore,IDR
IEG,Zielona Gora - Babimost Airport,IEG
IEV,Zhulhany,IEV
IFJ,Isafjordur,IFJ
IFN,Isfahan,IFN
IFO,Ivano Frankovsk,IFO
IGA,Inagua,IGA
IGD,Igdir Airport,IGD
IGG,Igiugig,IGG
IGM,Kingman,IGM
IGO,Chigorodo,IGO
IGR,Cataratas,IGR
IGT,Magas Airport,IGT
IGU,Cataratas,IGU
IHN,Qishn,IHN
IHO,Ihosy,IHO
IHU,Ihu,IHU
IIA,Inishmaan,IIA
IKA,Imam Khomeini Airport,THR
IKI,Iki,IKI
IKL,Ikela,IKL
IKS,Tiksi,IKS
IKT,Irkutsk,IKT
ILA,Illaga,ILA
ILD,Alguaire,ILD
ILE,Killeen Municipal,ILE
ILG,Greater Wilmington,ILG
ILI,Iliamna,ILI
ILK,Ilaka,ILK
ILM,New Hanover County,ILM
ILO,Mandurriao,ILO
ILP,Ile Des Pins,ILP
ILR,Ilorin,ILR
ILU,Kilaguni,ILU
ILY,Glenegedale,ILY
IMA,Iamalele,IMA
IMD,Imonda,IMD
IMF,Imphal Municipal,IMF
IMI,Ine Island,IMI
IMO,Zemio,IMO
IMP,Imperatriz,IMP
IMR,Milano Rogoredo railway station,IMR
IMT,Ford,IMT
INC,Yinchuan,INC
IND,Indianapolis Int'l,IND
INF,In Guezzam,INF
ING,Lago Argentino,ING
INH,Inhambane,INH
INI,Nis,INI
INL,Int'l Falls,INL
INN,Kranebitten,INN
INO,Inongo,INO
INP,Naples Central Train Station,INP
INQ,Inisheer,INQ
INT,Smith-Reynolds,GSO
INU,Nauru Island Int'l,INU
INV,Inverness,INV
INX,Inanwatan,INX
INZ,In Salah,INZ
IOA,Ioannina,IOA
IOB,Innsbruck Hbf,IOB
IOM,Ronaldsway,IOM
ION,Impfondo,ION
IOP,Ioma,IOP
IOR,Kilronan,IOR
IOS,Eduardo Gomes,IOS
IPA,Ipota,IPA
IPC,Mataveri Int'l,IPC
IPG,Ipiranga,IPG
IPH,Ipoh,IPH
IPI,Ipiales,IPI
IPL,Imperial County,IPL
IPN,Usiminas,IPN
IPT,Lycoming County,IPT
IQQ,Cavancha,IQQ
IQT,C.F. Secada,IQT
IRA,Kirakira,IRA
IRC,Circle City,IRC
IRG,Lockhart River,IRG
IRI,Nduli,IRI
IRJ,La Rioja,IRJ
IRK,Kirksville Municipal,IRK
IRO,Birao,IRO
IRP,Matari,IRP
IRR,Rome Ostiense Train Station,IRR
IRZ,Santa Isabel do Rio Negro Airport,IRZ
ISA,Mount Isa,ISA
ISB,Islamabad,ISB
ISC,Is Scilly,ISC
ISE,Isparta,ISE
ISG,Ishigaki,ISG
ISK,Gandhinagar,ISK
ISN,Sloulin Field Int'l,ISN
ISO,Stalliings Field,ISO
ISP,Long Island Macarthur,ISP
IST,Ataturk,IST
ISU,Sulaimaniyah International Airport,ISU
ITB,Itaituba Airport,ITB
ITH,Tompkins County,ITH
ITK,Itokama,ITK
ITM,,ITM
ITO,Hilo Int'l,ITO
IUE,Hanan,IUE
IUL,Ilu,IUL
IVA,Ambanja,IVA
IVC,Invercargill,IVC
IVL,Ivalo,IVL
IVR,Inverell,IVR
IWD,Gogebic County,IWD
IXA,Singerbhil,IXA
IXB,Bagdogra,IXB
IXC,Chandigarh,IXC
IXD,Bamrauli,IXD
IXE,Bajpe,IXE
IXG,Sambre,IXG
IXH,Kailashahar,IXH
IXI,Lilabari,IXI
IXJ,Satwari,IXJ
IXK,Keshod,IXK
IXL,Leh,IXL
IXM,Madurai,IXM
IXP,Pathankot,IXP
IXR,Ranchi,IXR
IXS,Kumbhirgram,IXS
IXT,Pasighat Airport,IXT
IXU,Chikkalthana,IXU
IXW,Sonari,IXW
IXY,Kandla,IXY
IXZ,Port Blair,IXZ
IYK,Kern County,IYK
IZA,Juiz de Fora Zona da Mata Regional Airport,IZA
IZM,Izmir (All Airport),IZM
IZO,Izumo,IZO
JAA,Jalalabad,JAA
JAC,Jackson Hole,JAC
JAD,Jandakot,JAD
JAG, JACOBABAD ,JAG
JAI,Sanganeer,JAI
JAK,Jacmel,JAK
JAN,Jackson Int'l,JAN
JAR,Jahrom Airport,JAR
JAT,Jabota,JAT
JAV,Ilulisaat,JAV
JAX,Jacksonville Int'l,JAX
JBR,Jonesboro,JBR
JCB,Joacaba Airport,JCB
JCH,Christianshaab,JCH
JCI,Johnson Industrial,MKC
JCK,Julia Creek,JCK
JCR,Jacareacanga Airport,JCR
JDF,Francisco De Assis,JDF
JDH,Jodhpur,JDH
JDO,Juazeiro Do Norte,JDO
JDR,Sao Joao del-Rei Airport,JDR
JED,King Abdulaziz Int'l,JED
JEG,Aasiaat,JEG
JEJ,Jeh,JEJ
JER,Jersey States,JER
JFK,John F Kennedy Int'l,NYC
JFR,Frederikshaab,JFR
JGA,Govardhanpur,JGA
JGB,Jagdalpur,JGB
JGN,Jiayuguan,JGN
JGO,Godhavn,JGO
JHB,Sultan Ismail Int'l,JHB
JHG,Gasa,JHG
JHM,Kapalua,JHM
JHS,Sisimiut,JHS
JHW,Jamestown,JHW
JIB,Ambouli,JIB
JIK,Ikaria Island National Airport,JIK
JIM,Jimma,JIM
JJD,Jericoacoara airport,JJD
JJG,Jaguaruna Regional Airport,JJG
JJI,Juanjui,JJI
JJN,Jinjiang,JJN
JKG,Axamo,JKG
JKH,Chios,JKH
JKL,Kalymnos Island National Airport,JKL
JKT,Jakarta (All Airports),CGK
JLN,Joplin,JLN
JLR,Jabalpur,JLR
JMK,Mikonos,JMK
JMU,Jiamusi Airport,JMU
JNB,Johannesburg Int'l,JNB
JNN,Nanortalik,JNN
JNU,Juneau Int'l,JNU
JNX,Naxos Island National,JNX
JOE,Joensuu,JOE
JOG,Adisutjipto,JOG
JOI,Cubatao,JOI
JOL,Jolo Airport,JOL
JON,Johnston Island,JON
JOS,Jos,JOS
JPA,Castro Pinto,JPA
JPR,Ji-Parana - Rondônia,JPR
JQF,Concord Regional Airport,JQF
JRB,Downtown Manhattan H/p,NYC
JRH,Rowriah,JRH
JRO,Kilimanjaro,JRO
JRS,Jerusalem,JRS
JSA,Jaisalmer,JSA
JSH,Sitia,JSH
JSI,Skiathos,JSI
JSM,Jose D San Martin,JSM
JSR,Jessore,JSR
JST,Cambria County,JST
JSY,Syros Island National Airport,JSY
JTC,Bauru - Arealva,JTC
JTR,Santorini,JTR
JTY,Astypalaia Island National Airport,JTY
JUB,Juba,JUB
JUI,Juist,JUI
JUJ,El Cadillal,JUJ
JUL,Juliaca,JUL
JVA,Ankavandra,JVA
JWA,Jwaneng,JWA
JWN,Zanjan Airport,JWN
JYV,Jyvaskyla,JYV
KAA,Kasama,KAA
KAB,Kariba,KAB
KAC,Kameshli,KAC
KAD,Kaduna,KAD
KAG,Kangnung,KAG
KAJ,Kajaani,KAJ
KAL,Kaltag,KAL
KAN,Aminu Kano Int'l,KAN
KAO,Kuusamo,KAO
KAT,Kaitaia,KAT
KAX,Kalbarri,KAX
KAZ,Kau,KAZ
KBA,Kabala,KBA
KBC,Birch Creek,KBC
KBI,Kribi,KBI
KBL,Khwaja Rawash,KBL
KBM,Kabwum,KBM
KBP,Borispol,IEV
KBR,Pengkalan Chepa,KBR
KBT,Kaben,KBT
KBV,Krabi,KBV
KBX,Kambuaya,KBX
KBY,Streaky Bay,KBY
KCG,Fisheries,KCL
KCH,Kuching,KCH
KCK,Fairfax Municipal,KCK
KCL,Chignik,KCL
KCM,Kahramanmaras,KCM
KCQ,Chignik Lake,KCL
KCZ,Kochi,KCZ
KDA,Kolda,KDA
KDC,Kandi,KDC
KDH,Kandahar,KDH
KDI,Wolter Monginsidi,KDI
KDN,Ndende,KDN
KDV,Kandavu,KDV
KEA,Keisah,KEA
KED,Kaedi,KED
KEE,Kelle,KEE
KEF,Keflavik Int'l,REK
KEH,Kenmore Air Harbo,KEH
KEJ,Kemerovo,KEJ
KEK,Ekwok,KEK
KEL,Holtenau,KEL
KEM,Kemi Tornio,KEM
KEN,Kenema,KEN
KEO,Odienne,KEO
KEQ,Kebar,KEQ
KER,Kerman,KER
KET,Keng Tung,KET
KEY,Kericho,KEY
KFA,Kiffa,KFA
KFG,Kalkurung,KFG
KFP,False Pass,KFP
KFS,Kastamonu Apt,KFS
KGA,Kananga,KGA
KGB,Konge,KGB
KGC,Kingscote,KGC
KGD,Kaliningrad,KGD
KGF,Karaganda,KGF
KGG,Kedougou,KGG
KGI,Kalgoorlie,KGI
KGJ,Karonga,KGJ
KGK,New Koliganek,KGK
KGL,Gregoire Kayibanda,KGL
KGS,Kos,KGS
KGX,Grayling,KGX
KHE,Kherson,KHE
KHG,Kashi,KHG
KHH,Kaohsiung Int'l,KHH
KHI,Quaid-e-Azam Int'l,KHI
KHN,Nanchang,KHN
KHS,Khasab,KHS
KHT,Khost,KHT
KHV,Novy,KHV
KHW,Khwai River Lodge,KHW
KID,Kristianstad,KID
KIF,Kingfisher Lake,KIF
KIH,Kish Island,KIH
KIJ,Niigata,KIJ
KIK,Kirkuk Airport,KIK
KIM,Kimberley,KIM
KIN,Norman Manley,KIN
KIO,Kili Island,KIO
KIQ,Kira,KIQ
KIR,Kerry County,KIR
KIS,Kisumu,KIS
KIT,Kithira,KIT
KIV,Chisinau,KIV
KIX,Kansai Int'l,OSA
KJA,Krasnojarsk,KJA
KJR,Karlsruhe Central Station,KJR
KKA,Koyuk,KKA
KKB,Kitoi Bay,KKB
KKC,Khon Kaen,KKC
KKD,Kokoda,KKD
KKE,Kerikeri,KKE
KKH,Kongiganak,KKH
KKN,Hoeybuktmoen,KKN
KKR,Kaukura Atoll,KKR
KKU,Ekuk,KKU
KKX,Kikaiga Shima,KKX
KLC,Kaolack,KLC
KLE,Kaele,KLE
KLG,Kalskag Municipal,KLG
KLH,Kolhapur,KLH
KLL,Levelock,KLL
KLO,Kalibo,KLO
KLR,Kalmar,KLR
KLT,Kaiserslautern Train Station,KLT
KLU,Klagenfurt,KLU
KLV,Karlovy Vary Airport,KLV
KLW,Klawock,KLW
KLX,Kalamata,KLX
KLZ,Kleinzee,KLZ
KME,Kamembe,KME
KMG,Kunming,KMG
KMI,Miyazaki,KMI
KMJ,Kumamoto,KMJ
KMK,Makabana,KMK
KMM,Kimam,KMM
KMP,J.G.H. Van Der Wath,KMP
KMQ,Komatsu,KMQ
KMS,Kumasi,KMS
KMU,Kismayu,KMU
KMV,Kalemyo,KMV
KMY,Moser Bay,KMY
KND,Kindu,KND
KNG,Kaimana,KNG
KNH,Shang-Yi,KNH
KNJ,Kindamba,KNJ
KNK,Kakhonak,KNK
KNN,Kankan,KNN
KNO,Kuala Namu International Airport,MES
KNQ,Kone,KNQ
KNS,King Island,KNS
KNU,Kanpur,KNU
KNW,New Stuyahok,KNW
KNX,Kununurra,KNX
KOA,Keahole,KOA
KOB,Koutaba,KOB
KOC,Koumac,KOC
KOE,Eltari,KOE
KOI,Kirkwall,KOI
KOJ,Kagoshima,KOJ
KOK,Kruunupyy,KOK
KOO,Kongolo,KOO
KOP,Nakhon Phanom Airport,KOP
KOS,KOS,KOS
KOT,Kotlik,KOT
KOU,Koulamoutou,KOU
KOV,Kokchetau,KOV
KOW,Ganzhou,KOW
KPC,Port Clarence,KPC
KPE,Yapsiei,KPE
KPI,Kapit,KPI
KPO,Pohang,KPO
KPS,Kempsey,KPS
KQA,Akutan,KQA
KQH,Kishangarh Airport,KQH
KRB,Karumba,KRB
KRE,Kirundo,KRE
KRF,Kramfors,KRF
KRI,Kikori,KRI
KRJ,Karawari,KRJ
KRK,John Paul11 Balice Int'l,KRK
KRN,Kiruna,KRN
KRO,Kurgan,KRO
KRP,Karup,KRP
KRR,Krasnodar,KRR
KRS,Kjevik,KRS
KRT,Khartoum Civil,KRT
KRV,Kerio Valley,KRV
KRW,Krasnowodsk,KRW
KRX,Kar Kar,KRX
KSA,Kosrae,KSA
KSC,Barca,KSC
KSD,Karlstad,KSD
KSE,Kasese,KSE
KSF,Kassel Calden Airport,KSF
KSH,Bakhtaran,KSH
KSI,Kissidougou,KSI
KSJ,Kasos Island,KSJ
KSL,Kassala,KSL
KSM,Saint Marys,KSM
KSN,Kostanay,KSN
KSO,Aristoteles,KSO
KSQ,Karshi,KSQ
KSS,Sikasso,KSS
KSU,Kvernberget,KSU
KSY,Kars,KSY
KTA,Karratha,KTA
KTB,Thorne Bay,KTB
KTC,Katiola,KTC
KTD,Kitadaito,KTD
KTE,Kerteh,KTE
KTG,Ketapang,KTG
KTL,Kitale,KTL
KTM,Tribhuvan,KTM
KTN,Ketchikan int'l,KTN
KTP,Tinson,KIN
KTR,Tindal,KTR
KTS,Brevig Mission,KTS
KTT,Kittila,KTT
KTU,Kota,KTU
KTW,Pyrzowice,KTW
KTX,Koutiala,KTX
KUA,Kuantan,KUA
KUC,Kuria,KUC
KUD,Kudat,KUD
KUF,Samara,KUF
KUG,Kubin Island,KUG
KUH,Kushiro,KUH
KUK,Kasigluk,KUK
KUL,Kuala Lum Intl.,KUL
KUM,Yakushima,KUM
KUN,Kaunas,KUN
KUO,Kuopio,KUO
KUP,Kupiano,KUP
KUS,Kulusuk,KUS
KUT,Kutaisi,KUT
KUU,Bhuntar,KUU
KVA,Megas Alexandros,KVA
KVB,Skovde,KVB
KVC,King Cove,KVC
KVG,Kavieng,KVG
KVK,Kirovsk,KVK
KVL,Kivalina,KVL
KVX,Kirov,KVX
KWA,Kwajalein,KWA
KWE,Guiyang,KWE
KWG,Krivoy Rog,KWG
KWH,Khwahan,KWH
KWI,Kuwait Int'l,KWI
KWJ,Kwangju,KWJ
KWK,Kwigillingok,KWK
KWL,Guilin,KWL
KWM,Kowanyama,KWM
KWN,Kwinhagak,KWN
KWT,Kwethluk,KWT
KWY,Kiwayu,KWY
KYA,Konya,KYA
KYD,Orchid Island,KYD
KYE,Kleyate,KYE
KYK,Karluk,KYK
KYP,Kyaukpyu,KYP
KYS,Kayes,KYS
KYU,Koyukuk,KYU
KYX,Yalumet,KYX
KYZ,Kyzyl,KYZ
KZF,Kaintiba,KZF
KZI,Philippos,KZI
KZN,Kazan,KZN
KZO,Kyzylorda Airport,KZO
KZR,Kutahya Zafer Airport,KZR
KZS,Kastelorizo,KZS
LAA,Lamar Field,LAA
LAB,Lablab,LAB
LAD,4 De Fevereiro,LAD
LAE,Nadzab,LAE
LAF,Purdue University,LAF
LAH,Labuha,LAH
LAI,Servel,LAI
LAJ,Lages,LAJ
LAK,Aklavik,LAK
LAM,Los Alamos,LAM
LAN,Capital City,LAN
LAO,Laoag Int Airport,LAO
LAP,Leon,LAP
LAQ,La Braq,LAQ
LAR,General Brees Field,LAR
LAS,Mccarran Int'l,LAS
LAT,La Uribe,LAT
LAU,Lamu,LAU
LAW,Lawton Municipal,LAW
LAX,Los Angeles Int'l,LAX
LAY,Ladysmith,LAY
LAZ,Bom Jesus Da Lapa,LAZ
LBA,Leeds/Bradford,LBA
LBB,Lubbock Int'l,LBB
LBC,Luebeck-Blankensee,HAM
LBD,Khudzhand Khujand Airport,LBD
LBE,Westmoreland County,LBE
LBF,Lee Bird Field,LBF
LBG,Le Bourget Airport,PAR
LBI,Le Sequestre,LBI
LBJ,Mutiara,LBJ
LBL,Liberal Municipal,LBL
LBQ,Lambarene,LBQ
LBR,Labrea Airport,LBR
LBS,Labasa,LBS
LBT,LUMBERTON,LBT
LBU,Labuan,LBU
LBV,Libreville,LBV
LBW,Long Bawan,LBW
LCA,Larnaca,LCA
LCB,Pontes E Lacerda,lcb
LCD,Louis Trichardt,LCD
LCE,Goloson Int'l,LCE
LCG,La Coruna,LCG
LCH,Lake Charles Municipal,LCH
LCI,Laconia Municipal,LCI
LCJ,Wladyslaw Reymont,LCJ
LCK,Rickenbacker,CMH
LCL,La Coloma,LCL
LCO,Lague,LCO
LCR,La Chorrera,LCR
LCY,London City Apt,LON
LDA,Malda,LDA
LDB,Londrina,LDB
LDC,Lindeman Island,LDC
LDE,Lourdes Tarbes Int'l,LDE
LDH,Lord Howe Island,LDH
LDI,Kikwetu,LDI
LDK,Hovby,LDK
LDU,Lahad Datu,LDU
LDY,Eglinton,LDY
LEA,Learmonth,LEA
LEB,Lebanon Rgnl,LEB
LEC,Lencois Airport,LEC
LED,Pulkovo,LED
LEH,Octeville,LEH
LEI,Almeria,LEI
LEJ,Leipzig,LEJ
LEK,Labe,LEK
LEL,Lake Evella,LEL
LEM,Lemmon,LEM
LEN,Leon,LEN
LER,Leinster,LER
LES,Lesobeng,LES
LET,Leticia,LET
LEV,Levuka Airfield,LEV
LEX,Blue Grass,LEX
LFR,La Fria,LFR
LFT,Lafayette Regional,ARA
LFW,Lome,LFW
LGA,La Guardia,NYC
LGB,Long Beach Municipal,LGB
LGG,Bierset,LGG
LGH,Leigh Creek,LGH
LGI,Deadmans Cay,LGI
LGK,Langkawi,LGK
LGL,Long Lellang,LGL
LGP,Legaspi,LGP
LGQ,Lago Agrio,LGQ
LGU,Logan - Cache Airport,LGU
LGW,Gatwick,LON
LGZ,Leguizamo,LGZ
LHE,Lahore,LHE
LHI,Lereh,LHI
LHR,Heathrow,LON
LHW,,LHW
LIF,Lifou,LIF
LIG,Bellegarde,LIG
LIH,Lihue,LIH
LII,Mulia,LII
LIJ,Long Island,LIJ
LIK,Likiep Island,LIK
LIL,Lesquin,LIL
LIM,J Chavez Int'l,LIM
LIN,Linate,MIL
LIP,Lins,LIP
LIQ,Lisala,LIQ
LIR,Liberia,LIR
LIS,Lisboa,LIS
LIT,Little Rock Regional,LIT
LIW,Loikaw,LIW
LJA,Lodja,LJA
LJG,,LJG
LJU,Brnik,LJU
LKA,Larantuka,LKA
LKB,Lakeba,LKB
LKL,Banak,LKL
LKN,Leknes,LKN
LKO,Amausi,LKO
LLA,Kallax,LLA
LLI,Lalibela,LLI
LLN,Kelila,LLN
LLW,Kamuzu Int'l,LLW
LMA,Lake Minchumina,LMA
LMB,Salima,LMB
LMC,Lamacarena,LMC
LMI,Lumi,LMI
LML,Lae Island,LML
LMM,Federl,LMM
LMN,Limbang,LMN
LMP,Lampedusa,LMP
LMT,Kinsley Field,LMT
LMX,Lopez De Micay,LMX
LMY,Lake Murray,LMY
LNB,Lamen Bay,LNB
LNE,Lonorore,LNE
LNF,Munbil,LNF
LNK,Lincoln Municipal,LNK
LNO,Leonora,LNO
LNS,Lancaster,LNS
LNY,Lanai City,LNY
LNZ,Hoersching,LNZ
LOD,Longana,LOD
LOE,Loei,LOE
LOF,Loen,LOF
LOH,Loja,LOH
LOK,Lodwar,LOK
LON,London (All Airports),LON
LOP,Lombok,LOP
LOS,Murtala Muhammed,LOS
LOW,LOUISA,LOW
LOY,Loyangalani,LOY
LPA,Las Palmas,LPA
LPB,El Alto,LPB
LPD,La Pedrera,LPD
LPE,La Primavera,LPE
LPG,La Plata,LPG
LPI,Linkoping,LPI
LPL,Liverpool Int'l,LPL
LPM,Lamap,LPM
LPP,Lappeenranta,LPP
LPQ,Luang Prabang,LPQ
LPS,Lopez Island,LPS
LPT,Lampang,LPT
LPU,Long Apung,LPU
LPW,Little Port Walte,LPW
LPX,Liepaja Intl Airport,LPX
LPY,Loudes,LPY
LQN,Qala Nau,LQN
LRA,Larisa,LRA
LRB,Leribe,LRB
LRD,Laredo Int'l,LRD
LRE,Longreach,LRE
LRH,Laleu,LRH
LRM,La Romana,LRM
LRR,Lar airport ,LRR
LRS,Leros,LRS
LRT,Lann Bihoue,LRT
LRU,Las Cruces Municipal,LRU
LRV,Los Roques,LRV
LSA,Losuia,LSA
LSC,La Florida,LSC
LSE,La Crosse Municipal,LSE
LSH,Lashio,LSH
LSI,Sumburgh,SDZ
LSM,Lawas,LSM
LSP,Josefa Camejo,LSP
LSQ,Los Angeles,LSQ
LSS,Terre De Haut,LSS
LST,Launceston,LST
LSW,Lhoksumawe,LSW
LSY,Lismore,LSY
LTD,Ghadames,LTD
LTK,Latakia,LTK
LTL,Lastourville,LTL
LTN,Luton Airport,LON
LTO,Loreto,LTO
LTQ,Le Touquet,LTQ
LTT,St Tropez du Golfe Airport,LTT
ltu,LATUR,ltu
LUA,Lukla,LUA
LUD,Luderitz,LUD
LUG,Lugano,LUG
LUH,Ludhiana,LUH
LUJ,Lusikisiki,LUJ
LUL,Hesler-Noble Field,LUL
LUN,Lusaka,LUN
LUO,Luena,LUO
LUP,Kalaupapa,LUP
LUQ,San Luis,LUQ
LUV,Langgur,LUV
LUW,Luwuk,LUW
LUX,Luxembourg,LUX
LUZ,Lublin Airport,LUZ
LVB,Dos Galpoes,LVB
LVD,Lime Village,LVD
LVI,Livingstone,LVI
LVO,Laverton,LVO
LVS,Las Vegas,LVS
LWB,Greenbrier Valley,LWB
LWE,Lewoleba,LWE
LWK,Lerwick/Tingwall,SDZ
LWN,Leninakan,LWN
LWO,Snilow,LWO
LWS,Nez Perce County Regional,LWS
LWT,Lewistown Municipal,LWT
LXA,Lhasa,LXA
LXC,Liverpool Central railway station,LXC
LXG,Luang Namtha,LXG
LXR,Luxor,LXR
LXS,Lemnos,LXS
LYA,Luoyang,LYA
LYB,Little Cayman,LYB
LYC,Lycksele,LYC
LYG,Lianyungang,LYG
LYH,Preston-Glenn Field,LYH
LYI,Linyi Shubuling Airport,SZO
LYN,Bron,LYS
LYP,Faisalabad,LYP
LYR,Svalbard,LYR
LYS,St Exupéry,LYS
LYX,Lydd,LYX
LZC,Lazaro Cardenas,LZC
LZH,Liuzhou,LZH
LZR,Lizard Island,LZR
MAA,Chennai,MAA
MAB,Maraba,MAB
MAD,Barajas,MAD
MAE,Madera,MAE
MAF,Odessa Regional,MAF
MAG,Madang,MAG
MAH,Menorca,MAH
MAJ,Amata Kabua Int'l,MAJ
MAL,Mangole,MAL
MAN,Manchester Int'l,MAN
MAO,Eduardo Gomes Int'l,MAO
MAP,Mamai,MAP
MAQ,Mae Sot,MAQ
MAR,La Chinita,MAR
MAS,Momote,MAS
MAU,Maupiti,MAU
MAV,Maloelap Island,MAV
MAX,Matam,MAX
MAY,Mangrove Cay,MAY
MAZ,Eugenio M De Hostos,MAZ
MBA,Moi Int'l,MBA
MBB,Marble Bar,MBB
MBC,Mbigou,MBC
MBD,Mmabatho Int'l,MBD
MBE,Monbetsu,MBE
MBH,Maryborough,MBH
MBI,Mbeya Airport,MBI
MBJ,Sangster Int'l,MBJ
MBL,Blacker,MBL
MBS,Tri City,MBS
MBT,Moises R Espinosa Airport,MBT
MBU,Mbambanakira,MBU
MBW,Moorabbin,MBW
MBX,Maribor,MBX
MCA,Macenta,MCA
MCE,Merced Municipal,MCE
MCG,Mcgrath,MCG
MCH,Machala,MCH
MCI,Kansas City Int'l,MKC
MCK,Mccook,MCK
MCM,Monaco,MCM
MCN,Lewis B Wilson,MCN
MCO,Orlando Int'l,ORL
MCP,Macapa Int'l,MCP
MCT,Seeb,MCT
MCU,Gueret (Lepaud),MCU
MCW,Mason City,MCW
MCX,Makhachkala,MCX
MCY,Maroochydore,MCY
MCZ,Palmares,MCZ
MDC,Samratulangi,MDC
MDE,Jose Marie Cordova,MDE
MDF,Medford,MDF
MDI,Makurdi,MDI
MDK,Mbandaka,MDK
MDL,Annisaton,MDL
MDP,Mindiptana,MDP
MDQ,Mar Del Plata,MDQ
MDS,Middle Caicos,MDS
MDT,Harrisburg Int'l,HAR
MDU,Mendi,MDU
MDV,Medouneu,MDV
MDW,Midway,CHI
MDZ,El Plumerillo,MDZ
MEA,Macae Benedito Lacerda Airport,MEA
MEB,Essendon,MEL
MEC,Manta,MEC
MED,Prince Mohammad Bin Abdulaziz International Airport,MED
MEE,Mare,MEE
MEF,Melfi,MEF
MEG,Malange,MEG
MEH,Mehamn,MEH
MEL,Tullamarine,MEL
MEM,Memphis Int'l,MEM
MES,Polania,MES
MEX,Juarez Int'l,MEX
MEY,Meghauli,MEY
MEZ,Messina,MEZ
MFA,Mafia,MFA
MFC,Mafeteng,MFC
MFE,Miller Int'l,MFE
MFF,Moanda,MFF
MFG,Muzaffarabad,MFG
MFJ,Moala,MFJ
MFM,Macau,MFM
MFN,Milford Sound,MFN
MFQ,Maradi,MFQ
MFR,Jackson County,MFR
MFU,Mfuwe,MFU
MGA,Augusto C Sandino,MGA
MGB,Mount Gambier,MGB
MGD,Magdalena,MGD
MGF,Maringa,MGF
MGH,Margate,MGH
MGL,Monchengladbach,MGL
MGM,Dannelly Field,MGM
MGQ,Mogadishu Int'l,MGQ
MGS,Mangaia Island,MGS
MGT,Millingimbi,MGT
MGW,Morgantown,MGW
MGX,Moabi,MGX
MGY,Montgomery Co,DAY
MGZ,Myeik,MGZ
MHD,Mashad,MHD
MHE,Mitchell Municipal,MHE
MHH,Marsh Harbour Int'l,MHH
MHK,Manhattan Municipal,MHK
MHQ,Mariehamn,MHQ
MHT,Manchester,MHT
MHV,Kern County,MHV
MHX,Manihiki Island,MHX
MHY,Morehead,MHY
MIA,Miami Int'l,MIA
MID,Rejon,MID
MIE,Delaware County,MIE
MII,Dr Gasto Vidigal,MII
MIK,Mikkeli,MIK
MIL,Milan (All Airport),IMR
MIM,Merimbula,MIM
MIO,Miami Municipal Airport,MIO
MIR,Habib Bourguiba Int'l,MIR
MIS,Misima Island,MIS
MIU,Maiduguri,MIU
MJA,Manja,MJA
MJB,Mejit Island,MJB
MJC,Man,MJC
MJD,Mohenjodaro,MJD
MJE,Majkin,MJE
MJF,Kjaerstad,MJF
MJK,Shark Bay - Denham,MJK
MJL,Mouila,MJL
MJM,Mbuji Mayi,MJM
MJN,Amborovy,MJN
MJT,Mytilene,MJT
MJU,Mamuju,MJU
MJV,San Javier,MJV
MJZ,Mirnyj,MJZ
MKB,Mekambo,MKB
MKC,Kansas City Downtown Airport,MKC
MKE,General Mitchell,MKE
MKG,Muskegon,MKG
MKH,Mokhotlong,MKH
MKI,M'Boki,MKI
MKJ,Makoua,MKJ
MKK,Molokai,MKK
MKL,Mckellar,MKL
MKM,Mukah,MKM
MKP,Makemo,MKP
MKQ,Mopah,MKQ
MKR,Meekatharra,MKR
MKS,Mekane Selam,MKS
MKU,Makokou,MKU
MKW,Rendani,MKW
MKY,Mackay,MKY
MKZ,Batu Berendum,MKZ
MLA,Luqa,MLA
MLB,Melbourne Int'l,MLB
MLE,Male Int'l,MLE
MLG,Malang,MLG
MLH,Mulhouse Euroairport,EAP
MLI,Quad-City,MLI
MLL,Marshall Fortuna,MLL
MLM,Morelia,MLM
MLN,Melilla,MLN
MLO,Milos,MLO
MLQ,Malalaua,MLQ
MLS,Miles City Municipal,MLS
MLU,Monroe Municipal,MLU
MLW,Sprigg Payne,MLW
MLX,Malatya,MLX
MLY,Manley Hot Spring,MLY
MLZ,Melo,MLZ
MMA,Malmo (All airport),MMA
MMB,Memanbetsu,MMB
MMD,Maridor,MMD
MME,Teesside int'l,MME
MMF,Mamfe,MMF
MMG,Mount Magnet,MMG
MMH,Mammoth Lakes,MMH
MMJ,Matsumoto,MMJ
MMK,Murmansk,MMK
MML,Marshall Municipal-Ryan Field,MML
MMM,Middlemount,MMM
MMO,Vila Do Maio,MMO
MMP,Mompos,MMP
MMU,Morristown Municipal,MMU
MMX,Sturup,MMA
MMY,Hirara,MMY
MMZ,Maimana,MMZ
MNA,Melangguane,MNA
MNB,Moanda,MNB
MNC,Nacala,MNC
MNF,Mana Islands,MNF
MNI,Blackburne,MNI
MNJ,Mananjary,MNJ
MNK,Maiana,MNK
MNL,Ninoy Aquino Int'l,MNL
MNM,Marinette Menomin,MNM
MNT,Minto,MNT
MNU,Maulmyine,MNU
MNY,Mono,MNY
MOA,Orestes Acosta,MOA
MOB,Mobile Municipal,MOB
MOC,Montes Claros,MOC
MOD,Modesto Municipal,MOD
MOF,Waioti,MOF
MOG,Mong Hsat,MOG
MOI,Mitiaro Island,MOI
MOL,Aro,MOL
MOM,Moudjeria,MOM
MON,Mount Cook,MON
MOQ,Morondava,MOQ
MOT,Minot Int'l,MOT
MOU,Mountain Village,MOU
MOV,Moranbah,MOV
MOW,Moscow (All Airports),MOW
MOZ,Temae,MOZ
MPA,Mpacha,MPA
MPD,Mirpur Khas,MPD
MPH,Caticlan Airport,AAV
MPL,Frejorgues,MPL
MPM,Maputo Int'l,MPM
MPN,Mount Pleasant,MPN
MPT,Maliana,MPT
MPW,Mariupol,MPW
MQF,Magnitogorsk,MQF
MQH,Minacu Airport,MQH
MQL,Mildura,MQL
MQM,Mardin Airport,MQM
MQN,Mo I Rana,MQN
MQP,Kruger Mpumalanga International Airport,QKP
MQQ,Moundou,MQQ
MQS,Mustique Island,MQS
MQT,Marquette County,MQT
MQX,Makale,MQX
MQY,Smyrna Airport,MQY
MRA,Misurata,MRA
MRD,A Carnevalli,MRD
MRE,Mara Lodges,MRE
MRI,Merrill Field,ANC
MRK,Marco Island,MRK
MRO,Masterton,MRO
MRS,Marseille,MRS
MRU,Sir Seewoosagur,MRU
MRV,Mineralnye Vody,MRV
MRY,Monterey Peninsula,MRY
MRZ,Moree,MRZ
MSA,Muskrat Dam,MSA
MSC,Falcon Field,MSC
MSD,Mt Pleasant,MSD
MSE,Kent Int'l,MSE
MSH,Masirah,MSH
MSJ,Misawa,MSJ
MSL,Muscle Shoals,MSL
MSN,Dane County Regional,MSN
MSO,Johnson Bell Field,MSO
MSP,St Paul Int'l,MSP
MSQ,Minsk,MSQ
MSR,Mus Airport,MSR
MSS,Richards Field,MSS
MST,Maastricht/Aachen,MST
MSU,Moshoeshoe Int'l,MSU
MSV,Sullivan County Int'l,MSV
MSW,Massawa,MSW
MSY,New Orleans Int'l,MSY
MSZ,Namibe,MSZ
MTF,Mizan Teferi,MTF
MTH,Marathon Flight Strip,MTH
MTJ,Montrose County,MTJ
MTK,Makin Island,MTK
MTL,Maitland,MTL
MTO,Coles County Memorial,MTO
MTR,S. Jeronimo,MTR
MTS,Matsapha Int'l,MTS
MTT,Minatitlan,MTT
MTV,Mota Lava,MTV
MTY,Gen Mariano Escobedo,MTY
MTZ,Masada,MTZ
MUA,Munda,MUA
MUB,Maun,MUB
MUC,Franz Josef Strauss,MUC
MUD,Mueda Airport,MUD
MUE,Kamuela,MUE
MUF,Muting,MUF
MUH,Marsa Matruh Airport,MUH
MUJ,Mui,MUJ
MUK,Mauke Island,MUK
MUM,MUMIAS,MUM
MUN,Quiriquire,MUN
MUR,Marudi,MUR
MUX,Multan,MUX
MUY,Mouyondzi,MUY
MUZ,Musoma,MUZ
MVB,Franceville/Mvengue,MVB
MVD,Carrasco,MVD
MVN,Mt Vernon,MVN
MVO,Mongo,MVO
MVP,Mitu,MVP
MVQ,Mogilev,MVQ
MVR,Salam,MVR
MVT,Mataiva,MVT
MVX,Minvoul,MVX
MVY,Marthas Vineyard,MVY
MVZ,Masvingo,MVZ
MWA,Williamson County,MWA
MWD,Mianwali,MWD
MWE,Merowe,MWE
MWF,Maewo,MWF
MWH,Grant County,MWH
MWI,Maramuni,MWI
MWX,Muan Intl Airport,MWX
MWZ,Mwanza,MWZ
MXJ,Minna,MXJ
MXL,Mexicali,MXL
MXM,Morombe,MXM
MXP,Malpensa,MIL
MXS,Maota Savaii Island,MXS
MXT,Maintirano,MXT
MXX,Mora,MXX
MXZ,Meixian,MXZ
MYA,Moruya,MYA
MYB,Mayoumba,MYB
MYD,Malindi,MYD
MYE,Miyake Jima,MYE
MYF,Montgomery Field,SAN
MYG,Mayaguana,MYG
MYI,Murray Island,MYI
MYJ,Matsuyama,MYJ
MYQ,Mysore,MYQ
MYR,Myrtle AFB,MYR
MYS,Moyale,MYS
MYT,Myitkyina,MYT
MYU,Ellis Field,MYU
MYW,Mtwara,MYW
MYY,Miri,MYY
MYZ,Monkey Bay,MYZ
MZB,Mocimboa Praia,MZB
MZC,Mitzic,MZC
MZF,Mzamba (Wild Coas,MZF
MZG,Makung,MZG
MZH,Amasya Merzifon Airport,MZH
MZI,Mopti,MZI
MZJ,Pinal Airpark,MZJ
MZK,Marakei,MZK
MZL,Manizales,MZL
MZO,Sierra Maestra,MZO
MZP,Motueka,MZP
MZR,Mazar I Sharif,MZR
MZT,Gen Rafael Buelna,MZT
MZX,Mena,MZX
NAA,Narrabri,NAA
NAD,MACANAL,NAD
NAE,Natitingou,NAE
NAG,Sonegaon,NAG
NAH,Naha,NAH
NAK,Nakhon Ratchasima,NAK
NAL,Nalchik,NAL
NAN,Nadi Int'l,NAN
NAP,Naples,NAP
NAR,Nare,NAR
NAS,Nassau Int'l,NAS
NAT,Augusto Severo,NAT
NAU,Napuka Island,NAU
NAV,Nevsehir Kapadokya Airport,NAV
NAW,Narathiwat,NAW
NBB,Barrancominas,NBB
NBC,Naberevnye Chelny,NBC
NBE,Hammamet,NBE
NBO,Jomo Kenyatta Int'l,NBO
NBX,Nabire,NBX
NCA,North Caicos,NCA
NCE,Cote D'Azur,NCE
NCH,Nachingwea,NCH
NCI,Necocli,NCI
NCL,Newcastle Int'l,NCL
NCP,Cubi Pt NAS Airport,NCP
NCS,Newcastle,NCS
NCU,Nukus,NCU
NCY,Annecy-Meythe,NCY
NDB,Nouadhibou,NDB
NDC,Nanded,NDC
NDE,Mandera,NDE
NDJ,Ndjamena,NDJ
NDK,Namdrik Island,NDK
NDL,Ndele,NDL
NDM,Mendi,NDM
NDR,El Aroui,NDR
NDU,Rundu,NDU
NDY,Sanday,NDY
NEG,Negril,NEG
NEK,Nekemt,NEK
NER,Neryungri,NER
NEV,Newcastle,NEV
NFO,Mata’aho,NFO
NGB,Ningbo,NGB
NGD,Anegada,NGD
NGE,Ngaoundere,NGE
NGO,Komaki AFB,NGO
NGS,Nagasaki,NGS
NGV,Ngiva,NGV
NHV,Nuku Hiva,NHV
NIA,Nimba,NIA
NIB,Nikolai,NIB
NIG,Nikunau,NIG
NIM,Niamey,NIM
NIX,Nioro,NIX
NJC,Nizhnevartovsk Airport,NJC
NJF,Al Najaf Intl,NJF
NKC,Nouakchott,NKC
NKG,Nanjing,NKG
NKI,Naukiti,NKI
NKT,Sirnak Airport,NKT
NKU,Nkaus,NKU
NKY,Nkayi,NKY
NLA,Ndola,NLA
NLD,Nuevo Laredo Intl,NLD
NLF,Darnley Island,NLF
NLG,Nelson Lagoon,NLG
NLK,Norfolk Island,NLK
NLL,Nullagine,NLL
NLP,Nelspruit,NLP
NMA,Namangan Airport,NMA
NMB,Daman,NMB
NME,Nightmute,NME
NMG,San Miguel,NMG
NNB,Santa Ana,NNB
NNG,Nanning Airport,NNG
NNI,Namutoni,NNI
NNK,Naknek,NNK
NNL,Nondalton,NNL
NNM,Naryan - Mar Airport,NNM
NNR,Connemara Airport,NNR
NNT,Nan,NNT
NOA,Nowra,NOA
NOB,Nosara Beach,NOB
NOC,Knock Int'l,NOC
NOJ,Noyabrsk,NOJ
NOM,Nomad River,NOM
NON,Nonouti,NON
NOP,Sinop Airport,NOP
NOR,Nordfjordur,NOR
NOS,Fascene,NOS
NOU,Tontouta,NOU
NOV,Huambo,NOV
NOZ,Novokuznetsk,NOZ
NPE,Hawkes Bay,NPE
NPH,Nephi,NPH
NPL,New Plymouth,NPL
NQN,Neuquen,NQN
NQT,Nottingham Airport,NQT
NQU,Nuqui,NQU
NQY,Newquay,NQY
NRA,Narrandera,NRA
NRD,Norderney,NRD
NRK,Kungsangen,NRK
NRL,North Ronaldsay,NRL
NRM,Nara,NRM
NRN,Weeze,DUS
NRT,Narita,TYO
NSA,Noosa,NSA
NSB,North Sea Plan Base,BIM
NSI,Nsimalen airport,YAO
NSK,Norilsk,NSK
NSM,Norseman,NSM
NSN,Nelson,NSN
NSO,Scone,NSO
NST,Nakon Si Thammarat,NST
NSY,Sigonella,NSY
NTE,Nantes Atlantique,NTE
NTG,Nantong Xingdong Airport,NTG
NTI,Bintuni,NTI
NTL,Williamtown,NTL
NTM,Miracema Do Norte,NTM
NTN,Normanton,NTN
NTT,Kuini Lavenia,NTT
NTX,Natuna Ranai,NTX
NTY,Pilansberg,NTY
NUB,Numbulwar,NUB
NUE,Nuremberg,NUE
NUI,Nuiqsut,NUI
NUK,Nukutavake,NUK
NUL,Nulato,NUL
NUP,Nunapitchuk,NUP
NUS,Norsup,NUS
NUU,Nakuru,NUU
NUX,Novy Urengoy Airport,NUX
NVA,La Marguita,NVA
NVI,Navoi Intl Airport,NVI
NVK,Framnes,NVK
NVS,FOURCHAMBAULT,NVS
NVT,Navegantes,NVT
NVY,Neyveli,NVY
NWA,Moheli,NWA
NWI,Norwich,NWI
NWT,Nowata,NWT
NYC,New York City,NYC
NYE,Nyeri,NYE
NYI,Sunyani,NYI
NYK,Nanyuki,NYK
NYM,Nadym Airport,NYM
NYO,Skavsta,NYO
NYT,Naypyidaw Intl Airport,NYT
NYU,Nyaung U,NYU
NZE,Nzerekore,NZE
OAG,Orange Springhill Spr,OAG
OAJ,Albert J Ellis,OAJ
OAK,Oakland Int'l,OAK
OAM,Oamaru,OAM
OAX,Xoxocotlan,OAX
OBC,Obock,OBC
OBD,Obano,OBD
OBF,Oberpfaffenhofen,OBF
OBM,Morobe,OBM
OBO,Obihiro,OBO
OBU,Kobuk/Wien,OBU
OBX,Obo,OBX
OCA,Ocean Reef,OCA
OCC,Coca,OCC
OCH,Nacogdoches,OCH
OCJ,Boscobel,OCJ
OCV,Ocana,OCV
ODA,Ouadda,ODA
ODE,Beldringe,ODE
ODJ,Ouanda Djalle,ODJ
ODN,Long Seridan,ODN
ODR,ORD RIVER,ODR
ODS,Odessa Central,ODS
ODW,Oak Harbor,ODW
ODY,Oudomxay,ODY
OEC,Ocussi,OEC
OER,Ornskoldsvik,OER
OES,San Antonio Oeste,OES
OFI,Ouango Fitini,OFI
OFJ,Olafsfjordur,OFJ
OFK,Stefan Field,OFK
OFU,Ofu,OFU
OGG,Kahului,OGG
OGL,,OGL
OGN,Yonaguni Jima,OGN
OGO,Abengourou,OGO
OGR,Bongor,OGR
OGS,Ogdensburg,OGS
OGU,Ordu Giresun Airport,OGU
OGX,Ain Beida,OGX
OGZ,Vladikavkaz,OGZ
OHD,Ohrid,OHD
OHI,Oshakati,OHI
OHR,Wyk Auf Foehr,OHR
OHS,Sohar,OHS
OHT,Kohat,OHT
OIM,Oshima,OIM
OIR,Okushiri,OIR
OIT,Oita,OIT
OJC,Johnson Executive,MKC
OKA,Naha,OKA
OKC,Will Rogers World,OKC
OKD,Okadama,SPK
OKE,Okino Erabu,OKE
OKF,Okaukuejo,OKF
OKI,Oki Island,OKI
OKJ,Okayama,OKJ
OKL,Oksibil,OKL
OKN,Okondja,OKN
OKP,Oksapmin,OKP
OKQ,Okaba,OKQ
OKR,Yorke Island,OKR
OLA,Orland,OLA
OLB,Costa Smeralda,OLB
OLC,Sao Paulo de Olivenca Airport,OLC
OLF,Wolf Point Int'l,OLF
OLJ,Olpoi,OLJ
OLM,Olympia,OLM
OLP,Olympic Dam,OLP
OLQ,Olsobip,OLQ
OMA,Eppley Airfield,OMA
OMB,Omboue,OMB
OMC,Ormoc Airport,OMC
OMD,Oranjemund,OMD
OME,Nome,OME
OMH,Urmieh,OMH
OMO,Mostar,OMO
OMR,Oradea,OMR
OMS,Omsk,OMS
OND,Ondangwa,OND
ONG,Mornington,ONG
ONI,Moanamani,ONI
ONP,NEWPORT,ONP
ONQ,Zonguldak Airport,ONQ
ONS,Onslow,ONS
ONT,Ontario Internationa,ONT
ONX,Colon,ONX
OOK,Toksook Bay,OOK
OOL,Coolangatta,OOL
OOM,Cooma,OOM
OOT,Onotoa,OOT
OPA,Kopasker,OPA
OPO,Porto,OPO
OPS,Sinop - Mato Grosso,OPS
OPU,Balimo,OPU
ORB,Orebro-Bofors,ORB
ORC,Orocue,ORC
ORD,O’Hare Int'l,CHI
ORF,Norfolk Int'l,ORF
ORG,Zorg En Hoop,PBM
ORH,Worcester,ORH
ORK,Cork,ORK
ORL,Orlando Executive Airport,ORL
ORN,Es Senia,ORN
ORP,Orapa,ORP
ORV,Curtis Memorial,ORV
ORW,Ormara,ORW
ORY,Orly,PAR
OSA,Osaka All Airports,OSA
OSB,Mosul International Airport,OSB
OSD,Froesoe,OSD
OSH,Wittman Field,OSH
OSI,Osijek Intl Airport,OSI
OSK,Oskarshamn,OSK
OSL,Oslo Airport,OSL
OSM,Mosul Airport,OSM
OSP,Slupsk - Redzikowo Airport,OSP
OSR,Mosnov,OSR
OSS,Osh,OSS
OST,Ostend,OST
OSU,Ohio State University,CMH
OSY,Namsos,OSY
OTA,Mota,OTA
OTC,Bol,OTC
OTD,Contadora,OTD
OTH,N Bend Coosbay,OTH
OTI,Morotai Island,OTI
OTL,Boutilimit,OTL
OTM,Ottumwa Industrial,OTM
OTP,Otopeni Int'l,BUH
OTR,Coto 47,OTR
OTS,Anacortes,OTS
OTU,Otu,OTU
OTZ,Kotzebue,OTZ
OUA,Ouagadougou,OUA
OUD,Les Angades,OUD
OUE,Ouesso,OUE
OUG,Ouahigouya,OUG
OUL,Oulu,OUL
OUM,Oum Hadjer,OUM
OUR,Batouri,OUR
OUS,Ourinhos,OUS
OUT,Bousso,OUT
OUZ,Zouerate,OUZ
OVA,Bekily,OVA
OVB,Tolmachevo,OVB
OVD,Asturias,OVD
OWB,Daviess County,OWB
OXB,Osvaldo Vieira,OXB
OXF,London Oxford,OXF
OXQ,Oxford Railway Station,OXQ
OXR,Oxnard,OXR
OYE,Oyem,OYE
OYL,Moyale,OYL
OZC,Labo Airport,OZC
OZH,Zaporozhye,OZH
OZZ,Ouarzazate,OZZ
PAB,Bilaspur,PAB
PAC,Paitilla,PTY
PAD,Paderborn,PAD
PAE,Snohomish County,PAE
PAG,Pagadian Airport,PAG
PAH,Barkley Regional,PAH
PAN,Pattani,PAN
PAP,Mais Gate,PAP
PAQ,Palmer Municipal,PAQ
PAR,Paris (All Airports),PAR
PAS,Paros,PAS
PAT,Patna,PAT
PAV,Paulo Afonso,PAV
PAY,Pamol,PAY
PAZ,Tajin,PAZ
PBC,Huejotsingo,PBC
PBD,Porbandar,PBD
PBE,Puerto Berrio,PBE
PBG,Plattsburgh Intl Airport,PBG
PBH,Paro,PBH
PBI,Palm Beach Intl,PBI
PBL,Puerto Cabello,PBL
PBM,Zanderij Internatiional,PBM
PBN,Porto Amboim,PBN
PBO,Paraburdoo,PBO
PBU,Putao,PBU
PCA,Portage Creek,PCA
PCC,Puerto Rico Airport,PCC
PCL,Capitan Rolden,PCL
PCN,Koromiko,PCN
PCP,Principe,PCP
PCR,Puerto Carreno,PCR
PDA,Puerto Inirida,PDA
PDB,Pedro Bay,PDB
PDF,Prado Airport,PDF
PDG,Tabing,PDG
PDL,Nordela,PDL
PDN,Parndana,PDN
PDP,Punta Del Este,PDP
PDT,Pendleton,PDT
PDU,Paysandu,PDU
PDV,Plovdiv,PDV
PDX,Portland Int'l,PDX
PEA,Penneshaw,PEA
PED,Pardubice,PED
PEE,Perm,PEE
PEG,Sant Egidio,PEG
PEI,Pereira,PEI
PEK,Beijing Capital,BJS
PEM,Puerto Maldonado,PEM
PEN,Penang Int'l,PEN
PER,Perth,PER
PET,Pelotas,PET
PEU,Puerto Lempira,PEU
PEW,Peshawar,PEW
PEZ,Ternovka,PEZ
PFB,Passo Fundo,PFB
PFJ,Patreksfjordur,PFJ
PFN,Bay County,PFN
PFO,Paphos Int'l,PFO
PGA,Page,PGA
PGD,Punta Gorda Airport,PGD
PGF,Rivesaltes,PGF
PGH,Pantnagar,PGH
PGI,Chitato,PGI
PGK,Pangkalpinang,PGK
PGM,Port Graham,PGM
PGV,Pitt-Greenville,PGV
PGX,Perigueux,PGX
PGZ,Ponta Grossa Airport,PGZ
PHB,Parnaiba - Prefeito Dr Filho,PHB
PHC,Port Harcourt,PHC
PHE,Port Hedland,PHE
PHF,Newportnews/Williamsburg,PHF
PHJ,Port Hunter,PHJ
PHL,Philadelphia Int'l,PHL
PHN,SAINT CLAIR INTL,PHN
PHO,Point Hope,PHO
PHR,Pacific Harbor,PHR
PHS,Phitsanulok,PHS
PHW,H Van Eck,PHW
PHX,Sky Harbor Int'l,PHX
PIA,Greater Peoria,PIA
PIB,Hattisburg-Laurel Regional,LUL
PID,Paradise Island,NAS
PIE,St Petersburg Int'l,PIE
PIH,Pocatello,PIH
PIK,Prestwick,GLA
PIN,Parintins Airport,PIN
PIP,Pilot Point,PIP
PIR,Pierre,PIR
PIS,Biard,PIS
PIT,Pittsburgh Int'l,PIT
PIU,Piura,PIU
PIX,Pico Island,PIX
PIZ,Dew Station,PIZ
PJG,Panjgur,PJG
PKA,Napaiskakspb,PKA
PKB,Wood County,PKB
PKC,Petropavlovsk Kam,PKC
PKE,Parkes,PKE
PKN,Pangkalanbuun,PKN
PKO,Parakou,PKO
PKP,Puka Puka,PKP
PKR,Pokhara,PKR
PKU,Simpang Tiga,PKU
PKW,Selebi Phikwe,PKW
PKY,Palangkaraya,PKY
PKZ,Pakse,PKZ
PLB,Clinton Country,PLB
PLD,Playa Samara,PLD
PLE,Paiela - Papua New Guinea,PLE
PLF,Pala,PLF
PLH,Plymouth,PLH
PLM,Mahmud Badaruddin Ii,PLM
PLN,Emmet County,PLN
PLO,Port Lincoln,PLO
PLQ,Palanga,PLQ
PLS,Providenciales,PLS
PLU,Pampulha,BHZ
PLW,Mutiara,PLW
PLX,Semipalatinsk,PLX
PLZ,Port Elizabeth Airport,PLZ
PMA,Wawi,PMA
PMC,Tepual,PMC
PMF,Parma,PMF
PMG,Ponta Pora Int'l,PMG
PMI,Palma Mallorca,PMI
PMN,Pumani,PMN
PMO,Punta Raisi,PMO
PMQ,Perito Moreno,PMQ
PMR,Palmerston North,PMR
PMV,Delcaribe General S Marino,PMV
PMW,Palmas,PMW
PMZ,Palmar Sur,PMZ
PNA,Pamplona,PNA
PNB,Porto Nacional,PNB
PNC,Ponca City,PNC
PND,Punta Gorda,PND
PNE,North Philadelphia,PHL
PNH,Phnom Penh International Airport,PNH
PNI,Pohnpei,PNI
PNK,Supadio,PNK
PNL,Pantelleria,PNL
PNP,Girua,PNP
PNQ,Lohegaon,PNQ
PNR,Pointe Noire,PNR
PNS,Pensacola Regional,PNS
PNY,PONDICHERRY ,PNY
PNZ,Petrolina Internacional,PNZ
POA,Salgado Filho,POA
POD,Podor,POD
POG,Port Gentil,POG
POJ,Patos de Minas Airport,POJ
POL,Pemba,POL
POM,Jackson Field,POM
POO,Pocos De Caldas,POO
POP,La Union,POP
POQ,Polk Inlet,POQ
POR,Pori,POR
POS,Port Of Spain,POS
POT,Ken Jones,POT
POU,Dutchess County,POU
POW,Portoroz,POW
POZ,Poznan,POZ
PPB,A. De Barros,PPB
PPE,Puerto Penasco,PPE
PPG,Pago Pago Int'l,PPG
PPM,Pompano Beach,PPM
PPN,Machangara,PPN
PPP,Proserpine,PPP
PPQ,Paraparaumu,PPQ
PPS,Puerto Princesa,PPS
PPT,Faaa,PPT
PPV,Port Protection,PPV
PPW,Papa Westray,PPW
PQC,Phu Quoc Intl Airport,PQC
PQI,Presque Isle Municipal,PQI
PQM,Palenque International Airport,PQM
PQQ,Port Macquarie,PQQ
PRC,Prescott,PRC
PRG,Ruzyne,PRG
PRH,Phrae,PRH
PRI,Praslin Island,PRI
PRN,Pristina,PRN
PRS,Parasi,PRS
PRX,Cox Field,PRX
PRY,Wonderboom,PRY
PSA,Pisa Gal Galilei,FLR
PSC,Tri-Cities,PSC
PSE,Mercedita,PSE
PSG,Petersburg Municipal,PSG
PSI,Pasni,PSI
PSJ,Poso,PSJ
PSP,Palm Springs Municipal,PSP
PSR,Liberi,PSR
PSS,Posadas,PSS
PSZ,Puerto Suarez,PSZ
PTA,Port Alsworth,PTA
PTC,Port Alice,PTC
PTD,Port Alexander,PTD
PTF,Malololailai,PTF
PTG,Pietersburg,PTG
PTH,Port Heiden,PTH
PTI,Port Douglas,PTI
PTJ,Portland,PTJ
PTL,Port Armstrong,PTL
PTP,Le Raizet,PTP
PTU,Platinum,PTU
PTY,Tocumen Int'l,PTY
PUB,Pueblo Memorial Airport,PUB
PUC,Carbon County,PUC
PUD,Puerto Deseado,PUD
PUF,Uzein,PUF
PUG,Port Augusta,PUG
PUJ,Punta Cana,PUJ
PUK,Pukarua,PUK
PUM,Pomala,PUM
PUQ,Pres Ibanez,PUQ
PUS,Kimhae,PUS
PUT,Puttiparthi,PUT
PUU,Puerto Asis,PUU
PUW,Moscow Regional,PUW
PUY,Pula,PUY
PUZ,Puerto Cabezas,PUZ
PVA,Providencia,PVA
PVC,Provincetown,PVC
PVD,Theodore Francis,PVD
PVG,Pu Dong Airport,PVG
PVH,Belmonte,PVH
PVK,Preveza Lefkas,PVK
PVO,Portoviejo,PVO
PVR,Ordaz,PVR
PVU,Provo,PVU
PWI,Beles,PWI
PWM,Portland Int'l Jetport,PWM
PWQ,Pavlodar,PWQ
PXM,Puerto Escondido,PXM
PXO,Porto Santo,PXO
PXU,Pleiku Airport,PXU
PYE,Penrhyn Island,PYE
PYG,Pakyong airport,PYG
PYH,Puerto Ayacucho,PYH
PYR,Andravida,PYR
PYX,Pattaya,UTP
PZA,Paz De Ariporo,PZA
PZB,Pietermaritzburg,PZB
PZE,Penzance,PZE
PZH,Zhob,PZH
PZO,Puerto Ordaz,PZO
PZU,Port Sudan,PZU
PZY,Piestany,PZY
QBB,Airlines Serving Sidi Bel Abbes Airport,QBB
QBC,Bella Coola,QBC
QDU,Dusseldorf Central Station,QDU
QKL,,QKL
QKP,Kruger National P(All Airport),QKP
QKU,Köln-Deutz,QKU
QOW,QOW Sam Mbadwe Airport,QOW
QPG,Paya Lebar,SIN
QPR, PRATO,QPR
QQU,,QQU
QRH,Rotterdam Central Station,QRH
QRO,Queretaro Intl Airport,QRO
QSF,Sétif International Airport,QSF
QYG,Railway germany,QYG
RAB,Lakunai,RAB
RAE,Arar Domestic Airport,RAE
RAF,Ras An Naqb,RAF
RAH,Rafha Domestic Airport,RAH
RAI,Francisco Mendes,RAI
RAJ,Rajkot Civil,RAJ
RAK,Menara,RAK
RAL,Riverside Municipal,RAL
RAM,Ramingining,RAM
RAO,Leite Lopes,RAO
RAP,Rapid City Regional,RAP
RAR,Rarotonga,RAR
RAS,Rasht,RAS
RAV,Cravo Norte,RAV
RAZ,Rawala Kot,RAZ
RBA,Sale,RBA
RBJ,Rebun,RBJ
RBP,Rabaraba,RBP
RBQ,Rurrenabaque,RBQ
RBR,Pres. Medici,RBR
RBS,Orbost,RBS
RBT,Marsabit,RBT
RBY,Ruby,RBY
RCB,Richards Bay,RCB
RCE,Roche Harbor,RCE
RCH,Riohacha,RCH
RCM,Richmond,RCM
RCN,American River,RCN
RCO,Rochefort Saint Agnant Airport,RCO
RCU,Rio Cuarto,RCU
RDC,Redencao,RDC
RDD,Redding,RDD
RDE,Merdey,RDE
RDG,Reading Municipal/Spaatz Field,RDG
RDM,Roberts Field,RDM
RDP,Durgapur,RDP
RDT,Richard Toll,RDT
RDU,Raleigh Durham,RDU
RDV,Red Devil,RDV
RDZ,Marcillac,RDZ
REA,Reao,REA
REC,Guararapes Int'l,REC
REG,Tito Menniti,REG
REK,Reyk Airport,REK
REL,Trelew,REL
REN,Orenburg,REN
REP,Siem Reap International Airport,REP
RES,Resistencia,RES
RET,Stolport,RET
REU,Reus,REU
REW,Rewa,REW
REX,Gen Lucio Blanco,REX
REZ,Resende Airport,REZ
RFA,Rafai,RFA
RFD,Greater Rockford,RFD
RFN,Raufarhofn,RFN
RFP,Raiatea,RFP
RGA,Rio Grande,RGA
RGE,Porgera,RGE
RGI,Rangiroa,RGI
RGK,Gorno - Altaysk Airport,RGK
RGL,Rio Gallegos Int'l,RGL
RGN,Mingaladon,RGN
RGT,Japura,RGT
RHE,Reims,RHE
RHG,Ruhengeri,RHG
RHI,Oneide County,RHI
RHO,Diagoras,RHO
RIA,Base Aerea,RIA
RIB,Gen Buech,RIB
RIC,Richmond Int'l,RIC
RIF,Reynolds,RIF
RIG,Rio Grande,RIG
RIH,Rio Hato Airport,RIH
RIJ,Rioja,RIJ
RIN,Ringi Cove,RIN
RIO,rio de janeiro airport,RIO
RIR,Riverside Fla-Bob,RAL
RIS,Rishiri,RIS
RIW,Riverton,RIW
RIX,Riga,RIX
RIY,Riyan,RIY
RJA,Rajahmundry,RJA
RJH,Rajshahi,RJH
RJI,Rajouri,RJI
RJK,Rijeka,RJK
RJL,Logrono–Agoncillo Airport,RJL
RKD,Knox County Regional,RKD
RKE,Roskilde,CPH
RKS,Sweetwater County,RKS
RKT,Ras Al Khaimah,RKT
RKV,Reykjavík Airport,REK
RLG,Rostock - Laage Airport,RLG
RMA,Roma,RMA
RMF, Marsa Alam International,RMF
RMI,Miramare,RMI
RMQ,Taichung,RMQ
RNB,Kallinge,RNB
RNC,WARREN CNTY,RNC
RNE,Renaison,RNE
RNJ,Yoronjima,RNJ
RNK,RNK Airport,RNK
RNL,Rennell,RNL
RNN,Bornholm,RNN
RNO,Tahoe Intl.,RNO
RNR,Robinson River,RNR
RNS,St Jacques,RNS
RNT,Renton,RNT
ROA,Roanoke Municipal,ROA
ROB,Roberts Int'l,MLW
ROC,Monroe County,ROC
ROI,Roi Et,ROI
ROK,Rockhampton,ROK
ROM,Rome,IRR
RON,Rondon,RON
ROO,Rondonopolis,ROO
ROP,Rota,ROP
ROR,Airai,ROR
ROS,Fisherton,ROS
ROT,Rotorua,ROT
ROU,Rousse,ROU
ROV,Rostov,ROV
ROW,Roswell Industrial,ROW
ROY,Rio Mayo,ROY
RPM,Ngukurr,RPM
RPN,Rosh Pina,RPN
RPR,Raipur,RPR
RRG,Rodrigues Island,RRG
RRK,Rourkela,RRK
RRO,Sorrento Airport,RRO
RRS,Roros,RRS
RSA,Santa Rosa,RSA
RSD,S Eleuther,RSD
RSH,Russian Mission,RSH
RSS,Roseires,RSS
RST,Rochester Municipal,RST
RSU,Yosu,RSU
RSW,Southwest Florida Regional,FMY
RTA,Rotuma Island,RTA
RTB,Roatan,RTB
RTG,Ruteng,RTG
RTI,Roti,RTI
RTK,Rohtak International Airport,RTK
RTM,Rotterdam,RTM
RTS,Rottnest Island,RTS
RTW,Saratov,RTW
RUA,Arua,RUA
RUH,King Khaled Int'l,RUH
RUJ,RIYADH,RUH
RUN,Gillot,RUN
RUR,Rurutu,RUR
RUS,Marau Sound,RUS
RUT,Rutland Southern Vermont Airport,RUT
RVA,Farafangana,RVA
RVD,Rio Verde Airport,RVD
RVE,Saravena,RVE
RVK,Ryumsjoen,RVK
RVN,Rovaniemi,RVN
RVT,Ravensthorpe Airport,RVT
RVY,Rivera,RVY
RWB,Rowan Bay,RWB
RWI,Rocky Mount-Wilson,RWI
RXS,Roxas Airport,RXS
RYG,Moss-Rygge,OSL
RYK,Rahim Yar Khan,RYK
RYO,Rio Turbio,RYO
RZA,Santa Cruz,RZA
RZE,Jasionka,RZE
SAB,J. Yrausquin,SAB
SAC,Sacramento Executive,SAC
SAF,Santa Fe,SAF
SAG,Shirdi International Airport,IXS
SAH,Sanaa Int'l,SAH
SAK,Saudarkrokur,SAK
SAL,Comalapa Int'l,SAL
SAM,Salamo,SAM
SAN,Lindberg Field S. Diego,SAN
SAO,Sao Paulo Campo de Marte (All Airports),SAO
SAP,Ramon Villeda Morales,SAP
SAQ,San Andros,SAQ
SAT,San Antonio Int'l,SAT
SAU,Sawu,SAU
SAV,Savannah Int'l,SAV
SAW,Sabiha Gokcen,IST
SAY,Siena - Ampugnano Airport,SAY
SBA,St Ba Municipal,SBA
SBC,SELBANG,SBC
SBD,San Bernardino Intl Airport,SBD
SBE,Suabi,SBE
SBF,Sardeh Band Airport,SBF
SBH,St Barthelemy,SBH
SBI,Sambailo,SBI
SBK,Tremuson,SBK
SBN,St Joseph Co,SBN
SBO,Salina,SBO
SBP,San Luis County,CSL
SBR,Saibai Island,SBR
SBS,Steamboat Springs,SBS
SBU,Springbok,SBU
SBW,Sibu,SBW
SBY,Wicomico County,SBY
SBZ,Sibiu,SBZ
SCC,Prudhoe Bay Deadh,SCC
SCE,State College,SCE
SCF,Scottsdale Municipal,PHX
SCJ,Smith Cove,SCJ
SCK,Stockton,SCK
SCL,Arturo Merino Benitez,SCL
SCN,Ensheim,SCN
SCO,Aktau,SCO
SCQ,Santiago,SCQ
SCT,Socotra,SCT
SCU,Antonio Maceo,SCU
SCV,Salcea,SCV
SCW,Syktyvkar,SCW
SCZ,Santa Cruz Is,SCZ
SDA,dasdasd,OFU
SDD,Lubango,SDD
SDE,Sgo  Del Estero,SDE
SDF,Standiford Field,SDF
SDG,Sanandaj,SDG
SDJ,Sendai,SDJ
SDK,Sandakan,SDK
SDL,Sundsvall Harnosa,SDL
SDM,Brown Field,SAN
SDN,Sandane,SDN
SDP,Sand Point Municipal,SDP
SDQ,Las Americas,SDQ
SDR,Santander,SDR
SDT,Saidu Sharif,SDT
SDU,Santos Dumont,RIO
SDV,Sde Dov,TLV
SDX,Sedona,SDX
SDY,Richland Municipal,SDY
SEA,Seattle/Tacoma Int'l,SEA
SEB,Sebha,SEB
SEH,Senggeh,SEH
SEL,Seoul (All Airports),SEL
SEN,Southend Municipal,SEN
SEO,Seguela,SEO
SEY,Selibaby,SEY
SEZ,Seychelles Int'l,SEZ
SFA,Sfax El Maou,SFA
SFB,Orlando Sanford Intl,ORL
SFD,Las Flecheras,SFD
SFF,Felts Field,GEG
SFG,Esperance,SFG
SFH,San Felipe,SFH
SFI,Safi,SFI
SFJ,Kangerlussuaq,SFJ
SFO,San Francisco Int'l,SFO
SFS,Subic Bay Int'l,SFS
SFT,Skelleftea,SFT
SFU,Safia,SFU
SGA,Sheghnan,SGA
SGC,Surgut,SGC
SGD,Sonderborg,SGD
SGF,Springfield-Branson Regional,SGF
SGI,Sargodha PAF Base Mushaf,SGI
SGN,Ho Chi Minh,SGN
SGS,Sanga Sanga,SGS
SGU,Saint George Municipal,SGU
SGV,Sierra Grande,SGV
SGX,Songea,SGX
SGY,Skagway Municipal,SGY
SHA,Hongqiao,SHA
SHB,Nakashibetsu,SHB
SHC,Indaselassie,SHC
SHD,Shenandoah Valley,SHD
SHE,Shenyang,SHE
SHG,Shungnak,SHG
SHH,Shishmaref,SHH
SHI,Shimojishima,SHI
SHJ,Sharjah International,SHJ
SHK,Sehonghong,SHK
SHL,Shillong,SHL
SHM,Shirahama,SHM
SHO,Solak,SHO
SHP,Qinhuangdao,SHP
SHR,Sheridan,SHR
SHS,Shashi,SHS
SHV,Shreveport Regional,SHV
SHW,Sharurah Domestic Airport,SHW
SHX,Shageluk,SHX
SHY,Shinyanga,SHY
SIA,Xiguan,SIA
SIB,Sibiti,SIB
SID,Amilcar Cabral Int'l,SID
SIG,Isla Grande,SJU
SIJ,Siglufjordur,SIJ
SIN,Changi,SIN
SIO,Smithton,SIO
SIP,Simferopol,SIP
SIQ,Dabo,SIQ
SIR,Sion,SIR
SIS,Sishen,SIS
SIT,Sitka,SIT
SIU,Siuna,SIU
SJB,San Joaquin,SJB
SJC,San Jose Municipal,SJC
SJD,CABO SAN LUCAS,SJD
SJE,San Jose Del Gua,SJE
SJI,Mcguire Field,SJI
SJJ,Butmir,SJJ
SJK,Sao Jose Dos Campos,SJK
SJL,Sao Gabriel da Cachoeira Airport,SJL
SJO,Juan Santamaria Int'l,SJO
SJP,Sao Jose Do Rio Preto,SJP
SJT,Mathis Field,SJT
SJU,Luis Munoz Marin,SJU
SJW,Shijiazhuang Zhengding Intl Airport,SJW
SJY,Seinajoki Airport,SJY
SJZ,Sao Jorge Island,SJZ
SKB,Robert L Bradshaw,SKB
SKC,Suki,SKC
SKD,Samarkand,SKD
SKE,Skien,SKE
SKG,Makedonia,SKG
SKK,Shaktoolik,SKK
SKN,Skagen,SKN
SKO,Sokoto,SKO
SKP,Skopje,SKP
SKR,Shakiso,SKR
SKS,Vojens,SKS
SKT,Sialkot International Airport,SKT
SKU,Skiros,SKU
SKV,Mount Sinai,SKV
SKX,Saransk Airport,SKX
SKZ,Sukkur,SKZ
SLA,Gen Belgrano,SLA
SLC,Salt Lake City Int'l,SLC
SLD,Sliac,SLD
SLE,Mcnary Field,SLE
SLH,Sola,SLH
SLJ,Stellar Air Park,CHD
SLK,Adirondack,SLK
SLL,Salalah,SLL
SLN,Salina,SLN
SLP,San Luis Potosi,SLP
SLQ,Sleetmute,SLQ
SLS,Silistra,SLS
SLU,George F.L.Charles,SLU
SLV,Simla,SLV
SLX,Salt Cay,SLX
SLZ,Sao Luiz,SLZ
SMA,Vila Do Porto,SMA
SMF,Sacramento,SAC
SMI,Samos,SMI
SMK,St Michael,SMK
SML,Stella Maris Estate Airstrip,SML
SMM,Semporna,SMM
SMO,Santa Monica,SMO
SMR,Simon Bolivar,SMR
SMS,Sainte Marie,SMS
SMT,Sorriso Airport,SMT
SMV,Samedan,SMV
SMW,Smara,SMW
SMX,Public,SMX
SMY,Simenti,SMY
SNA,John Wayne,SNA
SNB,Snake Bay,SNB
SNE,Preguica,SNE
SNG,San Ignacio De Ve,SNG
SNI,R.E. Murray,SNI
SNN,Shannon,SNN
SNO,Sakon Nakhon,SNO
SNP,Saint Paul Island,SNP
SNU,Santa Clara,SNU
SNW,Thandwe,SNW
SNY,Sidney,SNY
SOB,Keszthely Airport,SOB
SOC,Adi Sumarmo,SOC
SOE,Souanke,SOE
SOF,Sofia,SOF
SOG,Haukasen,SOG
SOI,South Molle Islan,SOI
SOJ,Sorkjosen,SOJ
SOK,Semongkong,SOK
SOM,El Tigre,SOM
SON,Espiritu Santo,SON
SOO,Soderhamn,SOO
SOQ,Jefman,SOQ
SOT,Sodankyla,SOT
SOU,Eastleigh,SOU
SOV,Seldovia,SOV
SOW,Show Low Regional Airport,SOW
SOY,Stronsay,SOY
SPC,La Palma,SPC
SPD,Saidpur,SPD
SPF,Black Hills,SPF
SPI,Capital,SPI
SPK,Sapporo (All airport),SPK
SPN,Saipan Int'l,SPN
SPP,Menongue,SPP
SPR,San Pedro,SPR
SPS,Wichita Falls Municipal Airport,SPS
SPU,Split,SPU
SPW,Spencer Municipal,SPW
SPY,San Pedro,SPY
SQC,Southern Cross,SQC
SQF,Solano,SQF
SQI,Whiteside County,SQI
SQO,Gunnarn Airport,SQO
SRA,Santa Rosa Airport,SRA
SRE,Sucre,SRE
SRG,Achmad Uani,SRG
SRH,Sarh,SRH
SRI,Samarinda,SRI
SRJ,Capitan G Y Guardia,SRJ
SRN,Strahan,SRN
SRO,Santana Ramos,SRO
SRP,Stord,SRP
SRQ,Bradenton,SRQ
SRV,Stony River,SRV
SRX,Sert,SRX
SRZ,El Trompillo,SRZ
SSA,Dois De Julho,SSA
SSE,Sholapur,SSE
SSG,Santa Isabel,SSG
SSH,Ophira,SSH
SSJ,Stokka,SSJ
SSR,Sara,SSR
SSS,Siassi,SSS
SSY,M'Banza Congo,SSY
STA,Stauning,STA
STB,L Delicias,STB
STD,Mayo Guerrero,STD
STG,St George Island,STG
STI,Santiago Municipal,STI
STL,Lambert-St Louis Int'l,STL
STM,Eduardo Gomes,STM
STN,Stansted,LON
STO,Stockholm (All Airports),STO
STP,St Paul Downtown,STP
STR,Stuttgart-Echterdingen,STR
STS,Sonoma County,STS
STT,St Thomas Island,STT
STV,Surat,STV
STW,Stavropol,STW
STX,Henry E Rohlsen,STX
STY,Salto,STY
STZ,Confresa,STZ
SUA,Witham Field,SUA
SUB,Juanda,SUB
SUE,Door County,SUE
SUF,S Eufemia,SUF
SUG,Surigao Airport,SGS
SUH,Sur,SUH
SUI,Babusheri,SUI
SUJ,Satu Mare,SUJ
SUL,Sui,SUL
SUN,Sun Valley,SUN
SUT,Sumbawanga,SUT
SUV,Nausori,SUV
SUX,Siouc Gateway,SUX
SVA,Savoonga,SVA
SVB,Sambava,SVB
SVC,Grant County,SVC
SVD,St Vincent,SVD
SVG,Sola,SVG
SVI,San Vicente,SVI
SVJ,Helle,SVJ
SVL,Savonlinna,SVL
SVO,Sheremetyevo,MOW
SVP,Kuito,SVP
SVQ,Sevilla,SVQ
SVS,Stevens Village,SVS
SVU,Savusavu,SVU
SVX,Ekaterinburg,SVX
SVZ,San Antonio,SVZ
SWA,Shantou,SWA
SWD,Seward,SWD
SWF,Newburgh Stewart,POU
SWG,Satwag,SWG
SWJ,South West Bay,SWJ
SWO,Stillwater Regional Airport,SWO
SWP,Swakopmund,SWP
SWQ,Brang Bidji,SWQ
SWS,Swansea Airport,SWS
SWX,Shakawe,SWX
SWY,Sitiawan,SWY
SXB,Entzheim,SXB
SXD,Sophia Antipolis,SXD
SXF,Schoenefeld,BER
SXH,Sehulea,SXH
SXL,Collooney,SXL
SXM,St Maarten,SXM
SXO,Sao Felix Do Arag,SXO
SXR,Srinagar,SXR
SXS,Sahabat 16,SXS
SXT,Taman Negara,SXT
SXU,Soddu,SXU
SXV,Salem,SXV
SXZ,Siirt,SXZ
SYB,Seal Bay,SYB
SYD,Kingsford Smith,SYD
SYR,Hancock Int'l,SYR
SYU,Warraber Island,SYU
SYX,Sanya,SYX
SYY,Stornoway,SYY
SYZ,Shiraz,SYZ
SZA,Soyo,SZA
SZB,SULTAN ABDUL AZIZ SHAH,KUL
SZF,Samsun-Carsamba Airport,SZF
SZG,Salzburg,SZG
SZK,Skukuza,SZK
SZS,Stewart Island,SZS
SZX,Shenzhen,SZX
SZY,Olsztyn - Mazury Airport,SZY
SZZ,Goleviow,SZZ
TAB,Tobago,TAB
TAC,D.Z. Romualdez,TAC
TAE,Taegu,TAE
TAG,Tagbilaran Airport,TAG
TAH,Tanna,TAH
TAI,Tadji,TAI
TAK,Takamatsu,TAK
TAL,Ralph Calhoun,TAL
TAM,Gen F Javier Mina,TAM
TAO,Qingdao,TAO
TAP,Tapachula Int'l,TAP
TAQ,TARCOOLA,TAQ
TAS,Tashkent,TAS
TAT,Tatry Poprad,TAT
TAV,Tau,TAV
TAW,Tacuarembo,TAW
TAY,Tartu Ulenurme,TAY
TAZ,Tashauz,TAZ
TBB,Dong Tac Airport,TBB
TBE,Timbunke,TBE
TBF,Tabiteuea North,TBF
TBG,Tabubil,TBG
TBH,Tugdan Airport,TBH
TBJ,Tabarka Ain Draham Intl Airport,TBJ
TBN,Forney Aaf,TBN
TBO,Tabora,TBO
TBP,Tumbes,TBP
TBS,Novo Alexeyevka,TBS
TBT,Tabatinga Internacional,TBT
TBU,Tongatapu Int'l,TBU
TBY,Tsabong,TBY
TBZ,Tabriz,TBZ
TCA,Tennant Creek,TCA
TCB,Treasure Cay,TCB
TCH,Tchibanga,TCH
TCI,Tenerife (All Airports),TCI
TCL,Van De Graaf,TCL
TCN,Tehuacan,TCN
TCO,Tumaco,TCO
TCP,Taba international,TCP
TCQ,Tacna,TCQ
TCR,Tuticorin,TCR
TCT,Takotna,TCT
TCU,Thaba Nchu,TCU
TDA,Trinidad,TDA
TDB,Tetabedi,TDB
TDD,Trinidad,TDD
TDG,Tandag Apt,TDG
TDJ,Tadjoura,TDJ
TDK,Taldykorgan Airport,TDK
TDV,Tanandava,TDV
TDX,Trat,TDX
TEB,Teterboro,TEB
TED,Thisted,TED
TEE,Tbessa,TEE
TEF,Telfer,TEF
TEG,Tenkodogo,TEG
TEI,Tezu,TEI
TEN,Tongren Fenghuang Airport,TEN
TEO,Terapo,TEO
TEP,Teptep Airport,TEP
TEQ,Tekirdag Corlu Airport,TEQ
TER,Lajes,TER
TES,Tessenei,TES
TET,Matunda,TET
TEU,Manapouri,TEU
TEX,Telluride,TEX
TEY,Thingeyri,TEY
TEZ,Salonibari,TEZ
TFF,Tefe,TFF
TFI,Tufi,TFI
TFL,Teofilo Otoni,TFL
TFM,Telefomin,TFM
TFN,Tenerife Norte Los Rodeos,TCI
TFS,Tenerife Sur Reina Sofia,TCI
TGD,Golubovci,TGD
TGG,Sultan Mahmood,TGG
TGH,Tongoa,TGH
TGI,Tingo Maria,TGI
TGJ,Tiga,TGJ
TGM,Tirgu Mures,TGM
TGN,La Trobe Traralgon,TGN
TGO,Tongliao,TGO
TGR,Touggourt,TGR
TGT,Tanga,TGT
TGU,Toncontin,TGU
TGV,Targovishte,TGV
TGZ,Tuxtla Gutierrez,TGZ
THC,Tchien,THC
THD,Tinh Gia Thanh Hoa Airport,THD
THE,Teresina,THE
THF,Tempelhof,BER
THG,Thangool,THG
THI,Tichitt,THI
THK,Thakhek,THK
THL,Tachilek,THL
THN,Trollhattan,THN
THO,Thorshofn,THO
THR,Mehrabad,THR
THS,SUKHOTHAI,THS
THT,Tamchakett,THT
THY,Thohoyandou,THY
THZ,Tahoua,THZ
TIA,Rinas,TIA
TIC,Tinak Island,TIC
TID,Bouchekif,TID
TIE,Tippi,TIE
TIF,Ta'if Regional Airport,TIF
TIH,Tikehau Atoll,TIH
TII,Tirinkot,TII
TIJ,Rodriguez,TIJ
TIM,Timika,TIM
TIN,Tindouf,TIN
TIP,Tripoli Int'l,TIP
TIQ,Tinian,TIQ
TIR,Tirupati,TIR
TIS,Thursday Island,TIS
TIU,Timaru,TIU
TIV,Tivat,TIV
TIX,Space Center Exect.,TIX
TIY,Tidjikja,TIY
TIZ,Tari,TIZ
TJA,Tarija,TJA
TJK,Tokat,TJK
TJL,Tres Lagoas,TJL
TJM,Tyumen,TJM
TJQ,Bulutumbang,TJQ
TJS,Tanjung Selor,TJS
TJU,Kulob Airport,TJU
TKC,Tiko,TKC
TKD,Takoradi,TKD
TKF,Truckee,TKF
TKG,Branit,TKG
TKH,Takhli Airport,TKH
TKI,Tokeen,TKI
TKJ,Tok,TKJ
TKK,Truk,TKK
TKN,Tokunoshima,TKN
TKP,Takapoto,TKP
TKQ,Kigoma,TKQ
TKS,Tokushima,TKS
TKU,Turku,TKU
TKV,Tatakoto,TKV
TKX,Takaroa,TKX
TLA,Teller,TLA
TLC,Toluca,MEX
TLD,Tuli Lodge,TLD
TLE,Tulear,TLE
TLH,Tallahassee Municipal,TLH
TLI,Tolitoli,TLI
TLL,Ulemiste,TLL
TLM,Zenata,TLM
TLN,Hyeres,TLN
TLP,Tumolbil,TLP
TLS,Blagnac,TLS
TLT,Tuluksak,TLT
TLV,Ben Gurion Int'l,TLV
TMC,Tambolaka,TMC
TMD,Timbedra,TMD
TME,Tame,TME
TMG,Tomanggong,TMG
TMH,Tanahmerah,TMH
TMJ,Termez,TMJ
TML,Tamale,TML
TMM,Tamatave,TMM
TMN,Tamana Island,TMN
TMP,Tampere-Pirkkala,TMP
TMR,Aguemar,TMR
TMS,Sao Tome Is,TMS
TMT,Trombetas,TMT
TMW,Tamworth,TMW
TMY,Tiom,TMY
TNA,Jinan,TNA
TNE,Tanegashima,TNE
TNG,Boukhalef,TNG
TNI,Satna,TNI
TNJ,Kidjang,TNJ
TNK,Tununak,TNK
TNN,Tainan,TNN
TNR,Antananarivo,TNR
TOA,Torrance,TOA
TOB,Tobruk,TOB
TOD,Tioman,TOD
TOE,Tozeur,TOE
TOF,Tomsk,TOF
TOG,Togiak Village,TOG
TOH,Torres Airstrip,TOH
TOJ,Madrid - Torrejon Airport,TOJ
TOL,Toledo Express,TOL
TOM,Tombouctou,TOM
TOP,Philip Billard,TOP
TOR,Torrington Municipal,TOR
TOS,Tromso/Langnes,TOS
TOU,Touho,TOU
TOY,Toyama,TOY
TOZ,Touba,TOZ
TPA,Tampa Int'l,TPA
TPB,Bristol Temple Meads,TPB
TPC,Tarapoa,TPC
TPE,Taiwan Taoyuan International Airport,TPE
TPP,Tarapoto,TPP
TPQ,Tepic,TPQ
TPS,Birgi,TPS
TRB,Turbo,TRB
TRC,Torreon,TRC
TRD,Vaernes,TRD
TRE,Tiree,TRE
TRF,Sandefjord,OSL
TRG,Tauranga,TRG
TRI,Tri-Cities,TRI
TRK,Tarakan,TRK
TRN,Sandro Pertini,TRN
TRO,Taree,TRO
TRS,Dei Legionari,TRS
TRU,Trujillo,TRU
TRV,Trivandrum Int'l,TRV
TRW,Bonriki,TRW
TRZ,Tiruchirapally Civil,TRZ
TSA,Sung Shan,TPE
TSB,Tsumeb,TSB
TSD,Tshipise,TSD
TSE,Astana,TSE
TSF,Treviso,VCE
TSH,Tshikapa,TSH
TSJ,Tsushima,TSJ
TSM,Taos,TSM
TSN,Tianjin,TSN
TSO,Tresco,ISC
TSP,Tehachapi Municipal Airport,TSP
TSR,Timisoara,TSR
TST,Trang,TST
TSU,Tabiteuea South,TSU
TSV,Townsville,TSV
TTA,Tan Tan,TTA
TTB,Arbatax,TTB
TTE,Babullah,TTE
TTJ,Tottori,TTJ
TTN,Mercer County,TTN
TTR,Tana Toraja,TTR
TTS,Tsaratanana,TTS
TTT,Taitung,TTT
TTU,Sania Ramel,TTU
TUA,Tulcan,TUA
TUB,Tubuai,TUB
TUC,Benj Matienzo,TUC
TUD,Tambacounda,TUD
TUF,St Symphorien,TUF
TUG,Tuguegarao Airport,TUG
TUI,Turaif Domestic Airport,TUI
TUJ,Tum,TUJ
TUK,Turbat,TUK
TUL,Tulsa Int'l,TUL
TUM,Tumut,TUM
TUN,Carthage,TUN
TUO,Taupo,TUO
TUP,Lemons Municipal,TUP
TUR,Tucurui,TUR
TUS,Tucson Int'l,TUS
TUU,Tabuk Regional Airport,TUU
TUV,Tucupita,TUV
TUZ,Tucuma,TUZ
TVA,Morafenobe,TVA
TVC,Traverse City,TVC
TVF,Thief River Falls,TVF
TVL,Lake Tahoe South,TVL
TVU,Matei,TVU
TWA,Twin Hills,TWA
TWB,Toowoomba,TWB
TWF,Twin Falls City County,TWF
TWT,Sanga-Sanga Airport,TWT
TWU,Tawau,TWU
TXF,Teixeira de Freitas,TXF
TXG,Taichung,TXG
TXK,Texarkana Municipal,TXK
TXL,Tegel,BER
TXM,Teminabuan,TXM
TXN,Tunxi,TXN
TXU,Tabou,TXU
TYF,Torsby Airport,TYF
TYL,Talara,TYL
TYN,Taiyuan,TYN
TYO,Tokyo (All Airports),TYO
TYR,Pounds Field,TYR
TYS,Mc Ghee Tyson,TYS
TZL,Tuzla Intl Airport,TZL
TZN,South Andros,TZN
TZX,Trabzon,TZX
UAC,San Luis Rio Colorado,UAC
UAE,MOUNT AUE,UAE
UAH,Ua Huka,UAH
UAK,Narsarsuaq,UAK
UAL,Luau,UAL
UAP,Ua Pou,UAP
UAQ,San Juan,UAQ
UAS,Samburu,UAS
UBA,Uberaba,UBA
UBB,Mabuiag Island,UBB
UBJ,Ube,UBJ
UBP,Muang Ubon,UBP
UCA,Oneida County,UCA
UCC,YUCCA FLAT,UCC
UCN,Buchanan,UCN
UCT,Ukhta,UCT
UDD,Bermuda Dunes,PSP
UDI,Eduardo Gomes,UDI
UDJ,Uzhgorod,UDJ
UDR,Dabok,UDR
UEE,Queenstown,UEE
UEL,Quelimane,UEL
UEO,Kumejima,UEO
UET,Quetta,UET
UFA,Ufa,UFA
UGB,Ugashik Bay,PIP
UGC,Urgench,UGC
UGI,Uganik,UGI
UGN,Waukegan Memorial,UGN
UGO,Uige,UGO
UIB,Quibdo,UIB
UIH,Qui Nhon Phu Cat Airport,UIH
UII,Utila,UII
UIN,Quincy Municipal,UIN
UIO,Mariscal Sucr,UIO
UIP,Pluguffan,UIP
UIR,Quirindi,UIR
UIT,Jaluit Island,UIT
UJE,Ujae Island,UJE
UKB,,UKB
UKK,Ust Kamenogorsk,UKK
UKR,Mukeiras,UKR
UKU,Nuku,UKU
ULB,Ulei,ULB
ULH,Prince Abdul Majeed bin Abdulaziz Airport,ULH
ULN,Ulan Bator,ULN
ULP,Quilpie,ULP
ULQ,Heriberto Gil Martinez Airport,ULQ
ULV,Ulyanovsk Baratayevka Airport,ULV
ULY,Ulyanovsk,ULY
UMD,Uummannaq,UMD
UME,Umea,UME
UMR,Woomera,UMR
UNA,Una,UNA
UND,Kunduz,UND
UNE,Qachas Nek,UNE
UNG,Kiunga,UNG
UNI,Union Island,UNI
UNK,Unalakleet,UNK
UNN,Ranong,UNN
UOL,Buol,UOL
UPG,Hasanudin,UPG
UPN,Uruapan,UPN
UQE,Queen,UQE
URA,Uralsk - Podstepnyy,URA
URB,Ernesto Pochler,URB
URC,Urumqi,URC
URD,BURG FEUERSTEIN,URD
URE,Kuressaare,URE
URG,Ruben Berta,URG
URO,Boos,URO
URR,Urrao,URR
URT,Surat Thani,URT
URY,Gurayat Domestic Airport,URY
USH,Ushuaia,USH
USL,Useless Loop,USL
USM,Samui,USM
USN,Ulsan,USN
USQ,Usak,USQ
USS,Sancti Spiritus,USS
UST,St. Augustine Florida,UST
USU,Francisco B Reyes Airport,USU
UTH,Udon Thani,UTH
UTK,Utirik Island,UTK
UTM,Tunica Municipal Airport,UTM
UTN,Upington Municipal,UTN
UTP,U-Tapao International Airport,PYX
UTT,Umtata,UTT
UUD,Ulan Ude,UUD
UUS,Yuzhno Sakhalinsk,UUS
UVE,Ouvea,UVE
UVF,Hewanorra,SLU
UVL,Kharga,UVL
UYL,Nyala,UYL
VAA,Vaasa,VAA
VAF,Chabeuil,VAF
VAG,Maj. Brig. Tromposky,VAG
VAI,Vanimo,VAI
VAK,Chevak,VAK
VAL,Valenca,VAL
VAN,Van,VAN
VAR,Varna,VAR
VAS,Sivas,VAS
VAT,Vatomandry,VAT
VAV,Lupepau’u,VAV
VAW,Vardoe,VAW
VBS,Brescia - Montichiari Airport,VBS
VBY,Visby,VBY
VCA,Tra Noc Airport,VCA
VCD,Victoria River Do,VCD
VCE,Marco Polo,VCE
VCL,Chu Lai Intl Airport,VCL
VCP,Viracopos,SAO
VCT,County-Foster,VCT
VDA,Ovda,VDA
VDB,Valdres,VDB
VDC,Vitoria Da Cnquis,VDC
VDH,Hai Phong Kien An Airport,VDH
VDM,Viedma,VDM
VDP,Valle De Pascua,VDP
VDS,Vadso,VDS
VDY,Vidyanagar Airport,VDY
VDZ,Valdez Municipal,VDZ
VEE,Venetie,VEE
VEL,Vernal,VEL
VER,Heriberto Jara,VER
VEY,Vestmannaeyjar,VEY
VFA,Victoria Falls,VFA
VGA,Vijayawada,VGA
VGO,Vigo,VGO
VGZ,Villagarzon,VGZ
VHC,Saurimo,VHC
VHM,Vilhelmina,VHM
VHZ,Vahitahi,VHZ
VID,Vidin,VID
VIE,Vienna Int'l,VIE
VII,Vinh,VII
VIJ,Virgin Gorda,VIJ
VIL,Dakhla,VIL
VIR,Virginia,DUR
VIS,Visalia,VIS
VIT,Vitoria,VIT
VIV,Vivigani,VIV
VIX,Eurico Sales,VIX
VKO,Vnukovo,MOW
VKT,Vorkuta,VKT
VLC,Valencia,VLC
VLD,Valdosta Regional,VLD
VLG,Villa Gesell,VLG
VLI,Bauerfield,VLI
VLL,Valladolid,VLL
VLN,Valencia,VLN
VLS,Valesdir,VLS
VLV,Carvajal,VLV
VLY,Anglesey Airport,VLY
VMU,Baimuru,VMU
VNA,Saravane,VNA
VNC,Venice Municipal,VNC
VNG,Viengxay,VNG
VNO,Vilnius,VNO
VNS,Varanasi,VNS
VNX,Vilanculos,VNX
VOG,Volgograd,VOG
VOH,Vohemar,VOH
VOK,VOLK FIELD,VOK
VOL,Nea Anchialos,VOL
VOZ,Voronezh,VOZ
VPN,Vopnafjordur,VPN
VPS,Ft Walton Beach,VPS
VQS,Vieques,VQS
VRA,Juan Gualberto Gomez,VRA
VRB,Vero Beach Municipal,VRB
VRC,Virac Airport,VRC
VRK,Varkaus,VRK
VRL,Vila Real,VRL
VRN,Verona,VRN
VSA,Capitan Carlos Perez,VSA
VSG,Lugansk,VSG
VST,Hasslo,VST
VTE,Wattay,VTE
VTI,Vitoria Bus Station,VTI
VTU,Las Tunas,VTU
VTZ,Vishakhapatnam,VTZ
VUP,Valledupar,VUP
VVB,Mahanoro,VVB
VVC,Villavicencio,VVC
VVI,Viru Viru Int'l,SRZ
VVO,Vladivostok,VVO
VVZ,Illizi,VVZ
VXC,Lichinga,VXC
VXE,San Pedro,VXE
VXO,Vaxjo,VXO
VYD,Vryheid,VYD
WAC,Waca,WAC
WAE,Wadi al-Dawasir Domestic Airport,WAE
WAG,Wanganui,WAG
WAI,Antsohihy,WAI
WAQ,Antsalova,WAQ
WAS,Washington (All Airport),OCW
WAT,Waterford,WAT
WAW,Okecie,WAW
WBB,Stebbins,WBB
WBD,Befandriana,WBD
WBE,Bealanana,WBE
WBM,Wapenamanda,WBM
WBO,Beroroha,WBO
WBQ,Beaver,WBQ
WDG,Woodring Municipal,WDG
WDH,Windhoek int'l,WDH
WED,Wedau,WED
WEH,Weihai Dashuibo Airport,WEH
WEI,Weipa,WEI
WEL,Welkom,WEL
WET,Wagethe,WET
WFI,Fianarantsoa,WFI
WGA,Forrest Hill,WGA
WGP,Waingapu,WGP
WGT,Wangaratta,WGT
WHK,Whakatane,WHK
WHL,Welshpool,WHL
WIC,Wick,WIC
WIL,Wilson,NBO
WIN,Winton,WIN
WIS,Vienna Shutlebus,WIS
WJA,Woja,WJA
WJR,Wajir,WJR
WKA,Wanaka,WKA
WKJ,Hokkaido,WKJ
WKK,Aleknagik,WKK
WKR,Walker's Cay,WKR
WLB,Labouchere Bay,WLB
WLG,Wellington,WLG
WLH,Walaha,WLH
WLK,Selawik,WLK
WLM,Waltham,WLM
WLS,Wallis Island,WLS
WMA,Mandritsara,WMA
WMD,Mandabe,WMD
WMH,Mountain Home,WMH
WMI,Modlin,WMI
WML,Malaimbandy,WML
WMN,Maroantsetra,WMN
WMO,White Mountain,WMO
WMR,Mananara,WMR
WMX,Wamena,WMX
WNP,Naga Airport,WNP
WNR,Windorah,WNR
WNS,Nawabshah,WNS
WNZ,Wenzhou,WNZ
WOT,Wonan,WOT
WPB,Port Berge,WPB
WPM,Wipim,WPM
WRA,Warder,WRA
WRE,Whangarei,WRE
WRL,Worland,WRL
WRO,Strachowice,WRO
WRW,Warrawagine Station,WRW
WRY,Westray,WRY
WSN,South Naknek,WSN
WST,Sesterly State,WST
WSU,Wasu,WSU
WSX,Westsound,WSX
WSY,Whitsunday Airstrip,WSY
WSZ,Westport,WSZ
WTA,Tambohorano,WTA
WTD,Bahamas - West End Airport,WTD
WTE,Wotje Island,WTE
WTK,Noatak,WTK
WTL,Tuntutuliak,WTL
WTO,Wotho Island,WTO
WTS,Tsiroanomandidy,WTS
WUG,Wau,WUG
WUH,Wuhan,WUH
WUN,Wiluna,WUN
WUV,Wuvulu Is,WUV
WUX,,WUX
WVB,Walvis Bay,WVB
WVK,Manakara,WVK
WWA,Wasilla,WWA
WWD,Cape May County,WWD
WWK,Boram,WWK
WWP,Whale Pass,WWP
WWT,Newtok,WWT
WWY,West Wyalong,WWY
WYA,Whyalla,WYA
WYE,Yengema,WYE
WYS,Yellowstone,WYS
XAP,Chapeco,XAP
XBE,Bearskin Lake,XBE
XBL,Buno Bedelle,XBL
XBN,Biniguni,XBN
XBO,Boulsa Airport,XBO
XCH,Christmas Island,XCH
XCR,Chalons-Vatry,PAR
XDB,,XDB
XDR,Vernouillet,XDR
XDS,,XDS
XER,Strasbourg Bus Station,XER
XFL,Flagler County Airport,XFL
XFW,Finkenwerder,XFW
XGA,Gaoua,XGA
XGG,Gorom Gorom,XGG
XGN,Xangongo,XGN
XGR,Kangiqsualujjuaq,XGR
XHK,,XHK
XHQ,Batum - Hopa Airport,XHQ
XIK,Central Station Airport,MIL
XIL,Xilinhot,XIL
XIT,Leipzig Hauptbahnhof,XIT
XIX,Porta Nuova Rail Airport,XIX
XIY,Xianyang,SIA
XJN,Valladolid Bus Station,XJN
XKA,Kantchari,XKA
XKH,Xieng Khouang,XKH
XKS,Kasabonika,XKS
XLB,Lac Brochet,XLB
XLS,St Louis,XLS
XMC,Mallacoota,XMC
XMH,Manihi,XMH
XMN,Xiamen,XMN
XMS,Macas,XMS
XMY,Yam Island,XMY
XNA,Northwest Arkansas Regional Airport,XNA
XNB,Dubai Bus Stand,DXB
XNN,Xining Caojiabao Airport,XNN
XNU,Nouna,XNU
XOC,Madrid Atocha railway station,XOC
XPK,Pukatawagan,XPK
XQA,SANTA JUSTA RAILWAY ST,XQA
XQC,Balad Airbase,XQC
XQP,Quepos,XQP
XQU,Qualicum,XQU
XRF,,XRF
XRJ,Termini Rail Stn. Airport,ROM
XRR,Ross River,XRR
XRY,Jerez,XRY
XSC,South Caicos Int'l,XSC
XSI,South Indian Lake,XSI
XSP,Seletar,SIN
XTL,Tadoule Lake,XTL
XVQ,Santa Lucia Rail airport,XVQ
XVY,Venice Mestre Train Station,XVY
XWC,,XWC
XWG,Strasbourg Railway Station,XWG
XXC,Cascais Aerodrome,XXC
XXQ,,XXQ
XYA,Yandina,XYA
XYD,,XYD
XYG,,XYG
xyz,xyz int airport,TNM
XZN,Avignon TGV Train Station,XZN
XZV,Gare de Toulon,XZV
YAA,Anahim Lake,YAA
YAB,Arctic Bay,YAB
YAC,Cat Lake,YAC
YAG,Fort Frances Municipal,YAG
YAK,Yakutat,YAK
YAL,Alert Bay,YAL
YAM,Sault Ste Marie,YAM
YAO,Yaounde Arpt,YAO
YAP,Yap,YAP
YAT,Attawapiskat,YAT
YAW,Shearwater,YHZ
YAY,St Anthony,YAY
YBB,Townsite,YUF
YBC,Baie Comeau,YBC
YBE,Uranium City,YBE
YBG,Bagotville,YBG
YBI,Black Tickle,YBI
YBJ,Baie Johan Beetz,YBJ
YBL,Campbell River,YBL
YBM,Bronson Creek,YBM
YBR,Brandon,YBR
YBT,Brochet,YBT
YBV,Berens River,YBV
YBX,Blanc Sablon,YBX
YCB,Cambridge Bay,YCB
YCD,Nanaimo,YCD
YCG,Castlegar,YCG
YCH,Miramichi,YCH
YCK,Colville Lake,YCK
YCL,Charlo,YCL
YCN,Cochrane,YCN
YCO,Coppermine,YCO
YCQ,Chetwynd,YCQ
YCR,Cross Lake,YCR
YCS,Chesterfield Inle,YCS
YCU,Yuncheng Guangong Airport,YNZ
YCV,Cartierville,YCV
YCY,Clyde River,YCY
YDA,Dawson City,YDA
YDE,Paradise River,YDE
YDF,Deer Lake,YDF
YDI,Davis Inlet,YDI
YDL,Dease Lake,YDL
YDN,Dauphin,YDN
YDO,St Methode,YDO
YDP,Nain,YDP
YDQ,Dawson Creek,YDQ
YDT,Boundary Bay,YVR
YEA,Edmonton,YEA
YEC,Yechon,YEC
YEG,Edmonton Int'l,YEA
YEI,Bursa - Yenisehir,YEI
YEK,Eskimo Point,YEK
YEL,Elliot Lake,YEL
YER,Fort Severn,YER
YEV,Inuvik,YEV
YFA,Fort Albany,YFA
YFB,Iqaluit,YFB
YFC,Fredericton,YFC
YFH,Fort Hope,YFH
YFO,Flin Flon,YFO
YFR,Fort Resolution,YFR
YFS,Fort Simpson,YFS
YFX,Fox Harbour,YFX
YGB,Gillies Bay,YGB
YGH,Fort Good Hope,YGH
YGJ,Miho,YGJ
YGK,Kingston,YGK
YGL,La Grande,YGL
YGO,Gods Narrows,YGO
YGP,Gaspe,YGP
YGQ,Geraldton,YGQ
YGR,Iles De La Madele,YGR
YGT,Igloolik,YGT
YGV,Havre St Pierre,YGV
YGW,Kuujjuarapik,YGW
YGX,Gillam,YGX
YGZ,Grise Fiord,YGZ
YHA,Port Hope Simpson,YHA
YHD,Dryden Municipal,YHD
YHF,Hearst,YHF
YHI,Holman,YHI
YHK,Gjoa Haven,YHK
YHM,Hamilton,YHM
YHN,Hornepayne,YHN
YHO,Hopedale,YHO
YHP,Poplar Hill,YHP
YHR,Chevery,YHR
YHS,Sechelt,YHS
YHU,St Hubert,YMQ
YHZ,Halifax Int'l,YHZ
YIB,Atikokan,YIB
YIF,Pakuashipi,YIF
YIH,Yichang,YIH
YIK,Ivujivik,YIK
YIO,Pond Inlet,YIO
YIP,Willow Run,DTT
YIV,Island Lk Garden,YIV
YIW,YIWU,YIW
YJB,Barcelona Sants Train Station,YJB
YJN,St Jean,YJN
YJT,Stephenville,YJT
YKA,Kamloops,YKA
YKF,,YKF
YKG,Kangirsuk,YKG
YKL,Schefferville,YKL
YKM,Yakima Air Terminal,YKM
YKN,Chang Gurney,YKN
YKO,Hakkari - Yuksekova Airport,YKO
YKQ,Waskaganish,YKQ
YKS,Yakutsk,YKS
YKT,Klemtu,YKT
YKU,Chisasibi,YKU
YKX,Kirkland Lake,YKX
YKY,Kindersley,YKY
YKZ,Buttonville,YTO
YLC,Lake Harbour,YLC
YLD,Chapleau,YLD
YLE,Lac La Martre,YLE
YLL,Lloydminster,YLL
YLR,Leaf Rapids,YLR
YLW,Kelowna,YLW
YMA,Mayo,YMA
YME,Matane,YME
YMG,Manitouwadge,YMG
YMH,Mary's Harbour,YMH
YMM,Fort Mcmurray,YMM
YMN,Makkovik,YMN
YMO,Moosonee,YMO
YMQ,Montreal (All airport),YMQ
YMS,Yurimaguas,YMS
YMT,Chibougamau,YMT
YMX,Mirabel,YMQ
YNA,Natashquan,YNA
YNB,Yanbu Airport,YNB
YNC,Wemindji,YNC
YND,Gatineau,YND
YNE,Norway House,YNE
YNG,Youngstown Warren,YNG
YNL,Points North Land,YNL
YNM,Matagami,YNM
YNO,North Spirit Lake,YNO
YNS,Nemiscau,YNS
YNT,Laishan,YNT
YNZ,Yancheng Jiangsu Nanyang Intl Airport,YNZ
YOC,Old Crow,YOC
YOH,Oxford House,YOH
YOJ,Footner Lake,YOJ
YOL,Yola,YOL
YON,Yongphulla Airport,YON
YOO,Oshawa,YOO
YOP,Rainbow Lake,YOP
YOW,Ottawa Int'l,YOW
YPA,Prince Albert,YPA
YPB,Port Alberni,YPB
YPC,Paulatuk,YPC
YPE,Peace River,YPE
YPH,Inukjuak,YPH
YPI,Port Simpson,YPI
YPJ,Aupauluk,YPJ
YPL,Pickle Lake,YPL
YPM,Pikangikum,YPM
YPN,Port Menier,YPN
YPQ,Peterborough,YPQ
YPR,Digby Island,YPR
YPW,Powell River,YPW
YPX,Povungnituk,YPX
YPY,Fort Chipewyan,YPY
YQA,Muskoka,YQA
YQB,Quebec,YQB
YQC,Quaqtaq,YQC
YQD,The Pas,YQD
YQG,Windsor,YQG
YQH,Watson Lake,YQH
YQI,Yarmouth,YQI
YQK,Kenora,YQK
YQL,Lethbridge,YQL
YQM,Moncton,YQM
YQQ,Comox,YQQ
YQR,Regina,YQR
YQT,Thunder Bay,YQT
YQU,Grande Prairie,YQU
YQV,Yorkton,YQV
YQW,North Battleford,YQW
YQX,Gander,YQX
YQY,Sydney,YQY
YQZ,Quesnel,YQZ
YRA,Rae Lakes,YRA
YRB,Resolute,YRB
YRD,Dean River,YRD
YRF,Cartwright,YRF
YRG,Rigolet,YRG
YRJ,Roberval,YRJ
YRL,Red Lake,YRL
YRO,Rockcliffe St,YOW
YRS,Red Sucker Lake,YRS
YRT,Rankin Inlet,YRT
YSB,Sudbury,YSB
YSE,Squamish,YSE
YSF,Stony Rapids,YSF
YSG,Snowdrift,YSG
YSJ,Saint John,YSJ
YSK,Sanikiluaq,YSK
YSM,Fort Smith,YSM
YSN,Salmon Arm,YSN
YSO,Postville,YSO
YSP,Marathon,YSP
YSR,Nanisivik,YSR
YST,Ste Therese Point,YST
YSY,Sachs Harbour,YSY
YTA,Pembroke And Area,YTA
YTB,Hartley Bay,YTB
YTC,Sturdee,YTC
YTE,Cape Dorset,YTE
YTF,Alma,YTF
YTH,Thompson,YTH
YTJ,Terrace Bay,YTJ
YTL,Big Trout,YTL
YTM,Quebec Mont Tremblant Intl Airport,YTM
YTO,Toronto (All Airports),YTO
YTQ,Tasiujuaq,YTQ
YTR,Trenton,YTR
YTS,Timmins,YTS
YTT,Tisdale,YTT
YTX,Telegraph Creek,YTX
YTZ,Toronto Island,YTO
YUB,Tuktoyaktuk,YUB
YUD,Umiujaq,YUD
YUF,Dewline Site,YUF
YUL,Dorval,YMQ
YUM,Yuma Int'l,YUM
YUT,Repulse Bay,YUT
YUX,Hall Beach,YUX
YUY,Rouyn,YUY
YVA,Iconi,YVA
YVB,Bonaventure,YVB
YVC,La Ronge,YVC
YVE,Vernon,YVE
YVM,Broughton Island,YVM
YVO,Val D'Or,YVO
YVP,Kuujjuaq,YVP
YVQ,Norman Wells,YVQ
YVR,Vancouver Int'l,YVR
YVT,Buffalo Narrows,YVT
YVZ,Deer Lake,YVZ
YWB,Kangiqsujuaq,YWB
YWG,Winnipeg,YWG
YWH,Inner Harbor,YYJ
YWJ,Fort Franklin,YWJ
YWK,Wabush,YWK
YWL,Williams Lake,YWL
YWP,Webequie,YWP
YWS,Whistler,YWS
YWY,Wrigley,YWY
YXC,Cranbrook,YXC
YXD,Edmonton Municipal,YEA
YXE,Saskatoon,YXE
YXH,Medicine Hat,YXH
YXJ,Fort St John,YXJ
YXK,Rimouski,YXK
YXL,Sioux Lookout,YXL
YXN,Whale Cove,YXN
YXP,Pangnirtung,YXP
YXR,Earlton,YXR
YXS,Prince George,YXS
YXT,Terrace,YXT
YXU,London,YXU
YXX,Abbotsford,YXX
YXY,Whitehorse,YXY
YXZ,Wawa,YXZ
YYB,North Bay,YYB
YYC,Calgary Int'l,YYC
YYD,Smithers,YYD
YYE,Fort Nelson,YYE
YYF,Penticton Regional,YYF
YYG,Charlottetown,YYG
YYH,Taloyoak,YYH
YYJ,Victoria Int'l,YYJ
YYL,Lynn Lake,YYL
YYN,Swift Current,YYN
YYQ,Churchill,YYQ
YYR,Goose Bay,YYR
YYT,St Johns,YYT
YYU,Kapuskasing,YYU
YYY,Mont Joli,YYY
YYZ,Pearson Int'l,YTO
YZE,Gore Bay,YZE
YZF,Yellowknife,YZF
YZG,Salluit,YZG
YZP,Sandspit,YZP
YZR,Sarnia,YZR
YZS,Coral Harbour,YZS
YZT,Port Hardy,YZT
YZV,Sept Iles,YZV
ZAD,Zadar,ZAD
ZAG,Pleso,ZAG
ZAH,Zahedan,ZAH
ZAJ,Zaranj,ZAJ
ZAL,Pichoy,ZAL
ZAM,Zamboanga,ZAM
ZAQ,Nuremberg Railway Station,ZAQ
ZAR,Zaria,ZAR
ZAZ,Zaragoza,ZAZ
ZBF,Bathurst,ZBF
ZBR,Chah Bahar,ZBR
ZBY,Sayaboury,ZBY
ZCL,La Calera,ZCL
ZCO,Temuco,ZCO
ZDH,,ZDH
ZFD,Fond Du Lac,ZFD
ZFJ,,ZFJ
ZFM,Fort Mcpherson,ZFM
ZFN,Fort Norman,ZFN
ZFQ,,ZFQ
ZFV,,ZFV
ZGC,Zagreb Bus Station,ZGC
ZGG,Glasgow Central station,ZGG
ZGI,Gods River,ZGI
ZGS,Gethsemani,ZGS
ZHA,Zhanjiang,ZHA
ZIA,Zhukovsky International Airport,ZIA
ZIG,Ziguinchor,ZIG
ZIH,Ixtapa Zihuatanej Int'l,ZIH
ZJG,Jenpeg,ZJG
ZKB,Kasaba Bay,ZKB
ZKE,Kaschechewan,ZKE
ZKG,Kegaska,ZKG
ZKM,Sette Cama,ZKM
ZLO,Manzanillo,ZLO
ZLT,La Tabatiere,ZLT
ZLZ,Leeds Bus Station,ZLZ
ZMM,Zamora,ZMM
ZMS,S.M. Novella Rail.Svc Airport,ZMS
ZMT,Masset,ZMT
ZND,Zinder,ZND
ZNE,Newman,ZNE
ZNZ,Kisauni,ZNZ
ZOS,Canal Balo,ZOS
ZPB,Sachigo Lake,ZPB
ZQN,Frnkton,ZQN
ZQW,Zweibrucken Airport,ZQW
ZRH,Zurich,ZRH
ZRI,Serui,ZRI
ZRJ,Round Lake,ZRJ
ZRM,Sarmi,ZRM
ZSA,San Salvador,ZSA
ZSE,St Pierre De La Reunion,ZSE
ZSJ,Sandy Lake,ZSJ
ZSS,Sassandra,ZSS
ZSW,Seal Cove,YPR
ZTB,Tete A La Baleine,ZTB
ZTH,Zakinthos Is,ZTH
ZTM,Shamattawa,ZTM
ZUH,Zhuhai International Airport,ZUH
ZUI,GUANGDONG,ZUI
ZUM,Churchill Falls,ZUM
ZVA,Miandrivazo,ZVA
ZVH,Al Ain Bus Station,ZVH
ZVJ,Abu Dhabi-bus Station,ZVJ
ZVK,Savannakhet,ZVK
ZVR,Hannover Hauptbahnhof,ZVR
ZWA,Andapa,ZWA
ZWE,,ZWE
ZWL,Wollaston Lake,ZWL
ZWS,,ZWS
ZXE,Edinburgh Waverley station,ZXE
ZXZ,Jumeirah Beach,DXB
ZYA,Amsterdam Central Station,ZYA
ZYL,Sylhet Civil,ZYL
ZYN,Nimes Railway Station,ZYN
ZYR,Brussels Midi Railway Station,BRU
ZYT,,ZYT
ZZU,Mzuzu,ZZU
ZZZ,Ringsted,ZZ1
